frame_idx,timestamp_ms,nose_x,nose_y,nose_z,nose_v,left_eye_inner_x,left_eye_inner_y,left_eye_inner_z,left_eye_inner_v,left_eye_x,left_eye_y,left_eye_z,left_eye_v,left_eye_outer_x,left_eye_outer_y,left_eye_outer_z,left_eye_outer_v,right_eye_inner_x,right_eye_inner_y,right_eye_inner_z,right_eye_inner_v,right_eye_x,right_eye_y,right_eye_z,right_eye_v,right_eye_outer_x,right_eye_outer_y,right_eye_outer_z,right_eye_outer_v,left_ear_x,left_ear_y,left_ear_z,left_ear_v,right_ear_x,right_ear_y,right_ear_z,right_ear_v,mouth_left_x,mouth_left_y,mouth_left_z,mouth_left_v,mouth_right_x,mouth_right_y,mouth_right_z,mouth_right_v,left_shoulder_x,left_shoulder_y,left_shoulder_z,left_shoulder_v,right_shoulder_x,right_shoulder_y,right_shoulder_z,right_shoulder_v,left_elbow_x,left_elbow_y,left_elbow_z,left_elbow_v,right_elbow_x,right_elbow_y,right_elbow_z,right_elbow_v,left_wrist_x,left_wrist_y,left_wrist_z,left_wrist_v,right_wrist_x,right_wrist_y,right_wrist_z,right_wrist_v,left_pinky_x,left_pinky_y,left_pinky_z,left_pinky_v,right_pinky_x,right_pinky_y,right_pinky_z,right_pinky_v,left_index_x,left_index_y,left_index_z,left_index_v,right_index_x,right_index_y,right_index_z,right_index_v,left_thumb_x,left_thumb_y,left_thumb_z,left_thumb_v,right_thumb_x,right_thumb_y,right_thumb_z,right_thumb_v,left_hip_x,left_hip_y,left_hip_z,left_hip_v,right_hip_x,right_hip_y,right_hip_z,right_hip_v,left_knee_x,left_knee_y,left_knee_z,left_knee_v,right_knee_x,right_knee_y,right_knee_z,right_knee_v,left_ankle_x,left_ankle_y,left_ankle_z,left_ankle_v,right_ankle_x,right_ankle_y,right_ankle_z,right_ankle_v,left_heel_x,left_heel_y,left_heel_z,left_heel_v,right_heel_x,right_heel_y,right_heel_z,right_heel_v,left_foot_index_x,left_foot_index_y,left_foot_index_z,left_foot_index_v,right_foot_index_x,right_foot_index_y,right_foot_index_z,right_foot_index_v
0,0,0,0,0,1.0,0,0,0,1.0,0,0,0,1.0,0,0,0,1.0,0,0,0,1.0,0,0,0,1.0,0,0,0,1.0,0,0,0,1.0,0,0,0,1.0,0,0,0,1.0,0,0,0,1.0,-0.2,-0.5,0,1.0,0.2,-0.5,0,1.0,-0.4,-0.5,0.0,1.0,0.4,0.0,0.5,1.0,-0.6,-0.5,0.0,1.0,0.6,0.5,1.0,1.0,0,0,0,1.0,0,0,0,1.0,0,0,0,1.0,0,0,0,1.0,0,0,0,1.0,0,0,0,1.0,-0.1,0,0,1.0,0.1,0,0,1.0,-0.1,0.4,0.0,1.0,0.1,0.8,0.4,1.0,-0.1,0.8,0.0,1.0,0.1,1.6,0.8,1.0,0,0,0,1.0,0,0,0,1.0,0,0,0,1.0,0,0,0,1.0
1,33,0,0,0,1.0,0,0,0,1.0,0,0,0,1.0,0,0,0,1.0,0,0,0,1.0,0,0,0,1.0,0,0,0,1.0,0,0,0,1.0,0,0,0,1.0,0,0,0,1.0,0,0,0,1.0,-0.2,-0.5,0,1.0,0.2,-0.5,0,1.0,-0.4,-0.4500832916765859,0.04991670832341408,1.0,0.4,-0.0024979173609870897,0.4975020826390129,1.0,-0.6,-0.40016658335317185,0.09983341664682815,1.0,0.6,0.4950041652780258,0.9950041652780258,1.0,0,0,0,1.0,0,0,0,1.0,0,0,0,1.0,0,0,0,1.0,0,0,0,1.0,0,0,0,1.0,-0.1,0,0,1.0,0.1,0,0,1.0,-0.1,0.4279771389350131,0.027977138935013104,1.0,0.1,0.7990204001013119,0.39902040010131185,1.0,-0.1,0.8559542778700262,0.05595427787002621,1.0,0.1,1.5980408002026238,0.7980408002026237,1.0,0,0,0,1.0,0,0,0,1.0,0,0,0,1.0,0,0,0,1.0
2,66,0,0,0,1.0,0,0,0,1.0,0,0,0,1.0,0,0,0,1.0,0,0,0,1.0,0,0,0,1.0,0,0,0,1.0,0,0,0,1.0,0,0,0,1.0,0,0,0,1.0,0,0,0,1.0,-0.2,-0.5,0,1.0,0.2,-0.5,0,1.0,-0.4,-0.4006653346024694,0.09933466539753061,1.0,0.4,-0.009966711079379187,0.4900332889206208,1.0,-0.6,-0.3013306692049388,0.19866933079506122,1.0,0.6,0.4800665778412416,0.9800665778412416,1.0,0,0,0,1.0,0,0,0,1.0,0,0,0,1.0,0,0,0,1.0,0,0,0,1.0,0,0,0,1.0,-0.1,0,0,1.0,0.1,0,0,1.0,-0.1,0.4558172458576946,0.05581724585769459,1.0,0.1,0.7960863984850549,0.3960863984850549,1.0,-0.1,0.9116344917153892,0.11163449171538918,1.0,0.1,1.5921727969701098,0.7921727969701098,1.0,0,0,0,1.0,0,0,0,1.0,0,0,0,1.0,0,0,0,1.0
3,99,0,0,0,1.0,0,0,0,1.0,0,0,0,1.0,0,0,0,1.0,0,0,0,1.0,0,0,0,1.0,0,0,0,1.0,0,0,0,1.0,0,0,0,1.0,0,0,0,1.0,0,0,0,1.0,-0.2,-0.5,0,1.0,0.2,-0.5,0,1.0,-0.4,-0.3522398966693302,0.14776010333066977,1.0,0.4,-0.02233175543719701,0.477668244562803,1.0,-0.6,-0.20447979333866045,0.29552020666133955,1.0,0.6,0.455336489125606,0.955336489125606,1.0,0,0,0,1.0,0,0,0,1.0,0,0,0,1.0,0,0,0,1.0,0,0,0,1.0,0,0,0,1.0,-0.1,0,0,1.0,0.1,0,0,1.0,-0.1,0.48338395993843986,0.08338395993843983,1.0,0.1,0.7912123658896594,0.39121236588965935,1.0,-0.1,0.9667679198768797,0.16676791987687967,1.0,0.1,1.5824247317793187,0.7824247317793187,1.0,0,0,0,1.0,0,0,0,1.0,0,0,0,1.0,0,0,0,1.0
4,132,0,0,0,1.0,0,0,0,1.0,0,0,0,1.0,0,0,0,1.0,0,0,0,1.0,0,0,0,1.0,0,0,0,1.0,0,0,0,1.0,0,0,0,1.0,0,0,0,1.0,0,0,0,1.0,-0.2,-0.5,0,1.0,0.2,-0.5,0,1.0,-0.4,-0.3052908288456747,0.19470917115432526,1.0,0.4,-0.03946950299855745,0.46053049700144255,1.0,-0.6,-0.11058165769134948,0.3894183423086505,1.0,0.6,0.4210609940028851,0.9210609940028851,1.0,0,0,0,1.0,0,0,0,1.0,0,0,0,1.0,0,0,0,1.0,0,0,0,1.0,0,0,0,1.0,-0.1,0,0,1.0,0.1,0,0,1.0,-0.1,0.5105422594256455,0.1105422594256455,1.0,0.1,0.7844221753243085,0.38442217532430845,1.0,-0.1,1.021084518851291,0.221084518851291,1.0,0.1,1.568844350648617,0.7688443506486169,1.0,0,0,0,1.0,0,0,0,1.0,0,0,0,1.0,0,0,0,1.0
5,165,0,0,0,1.0,0,0,0,1.0,0,0,0,1.0,0,0,0,1.0,0,0,0,1.0,0,0,0,1.0,0,0,0,1.0,0,0,0,1.0,0,0,0,1.0,0,0,0,1.0,0,0,0,1.0,-0.2,-0.5,0,1.0,0.2,-0.5,0,1.0,-0.4,-0.2602872306978985,0.2397127693021015,1.0,0.4,-0.06120871905481362,0.4387912809451864,1.0,-0.6,-0.020574461395796995,0.479425538604203,1.0,0.6,0.37758256189037276,0.8775825618903728,1.0,0,0,0,1.0,0,0,0,1.0,0,0,0,1.0,0,0,0,1.0,0,0,0,1.0,0,0,0,1.0,-0.1,0,0,1.0,0.1,0,0,1.0,-0.1,0.5371591229821806,0.13715912298218055,1.0,0.1,0.7757490851389516,0.37574908513895156,1.0,-0.1,1.0743182459643612,0.2743182459643611,1.0,0.1,1.5514981702779032,0.7514981702779031,1.0,0,0,0,1.0,0,0,0,1.0,0,0,0,1.0,0,0,0,1.0
6,198,0,0,0,1.0,0,0,0,1.0,0,0,0,1.0,0,0,0,1.0,0,0,0,1.0,0,0,0,1.0,0,0,0,1.0,0,0,0,1.0,0,0,0,1.0,0,0,0,1.0,0,0,0,1.0,-0.2,-0.5,0,1.0,0.2,-0.5,0,1.0,-0.4,-0.21767876330248231,0.2823212366975177,1.0,0.4,-0.08733219254516084,0.41266780745483916,1.0,-0.6,0.06464247339503537,0.5646424733950354,1.0,0.6,0.32533561490967833,0.8253356149096783,1.0,0,0,0,1.0,0,0,0,1.0,0,0,0,1.0,0,0,0,1.0,0,0,0,1.0,0,0,0,1.0,-0.1,0,0,1.0,0.1,0,0,1.0,-0.1,0.5631041812238281,0.16310418122382808,1.0,0.1,0.7652355761249233,0.3652355761249233,1.0,-0.1,1.1262083624476562,0.32620836244765616,1.0,0.1,1.5304711522498466,0.7304711522498466,1.0,0,0,0,1.0,0,0,0,1.0,0,0,0,1.0,0,0,0,1.0
7,231,0,0,0,1.0,0,0,0,1.0,0,0,0,1.0,0,0,0,1.0,0,0,0,1.0,0,0,0,1.0,0,0,0,1.0,0,0,0,1.0,0,0,0,1.0,0,0,0,1.0,0,0,0,1.0,-0.2,-0.5,0,1.0,0.2,-0.5,0,1.0,-0.4,-0.1778911563811545,0.3221088436188455,1.0,0.4,-0.11757890635775575,0.38242109364224425,1.0,-0.6,0.14421768723769102,0.644217687237691,1.0,0.6,0.2648421872844885,0.7648421872844885,1.0,0,0,0,1.0,0,0,0,1.0,0,0,0,1.0,0,0,0,1.0,0,0,0,1.0,0,0,0,1.0,-0.1,0,0,1.0,0.1,0,0,1.0,-0.1,0.5882503552684633,0.1882503552684632,1.0,0.1,0.7529331434440487,0.35293314344404864,1.0,-0.1,1.1765007105369265,0.3765007105369264,1.0,0.1,1.5058662868880974,0.7058662868880973,1.0,0,0,0,1.0,0,0,0,1.0,0,0,0,1.0,0,0,0,1.0
8,264,0,0,0,1.0,0,0,0,1.0,0,0,0,1.0,0,0,0,1.0,0,0,0,1.0,0,0,0,1.0,0,0,0,1.0,0,0,0,1.0,0,0,0,1.0,0,0,0,1.0,0,0,0,1.0,-0.2,-0.5,0,1.0,0.2,-0.5,0,1.0,-0.4,-0.1413219545502386,0.3586780454497614,1.0,0.4,-0.1516466453264173,0.3483533546735827,1.0,-0.6,0.2173560908995228,0.7173560908995228,1.0,0.6,0.1967067093471654,0.6967067093471654,1.0,0,0,0,1.0,0,0,0,1.0,0,0,0,1.0,0,0,0,1.0,0,0,0,1.0,0,0,0,1.0,-0.1,0,0,1.0,0.1,0,0,1.0,-0.1,0.6124744791683534,0.21247447916835338,1.0,0.1,0.7389020444053664,0.3389020444053665,1.0,-0.1,1.2249489583367068,0.42494895833670676,1.0,0.1,1.4778040888107329,0.677804088810733,1.0,0,0,0,1.0,0,0,0,1.0,0,0,0,1.0,0,0,0,1.0
9,297,0,0,0,1.0,0,0,0,1.0,0,0,0,1.0,0,0,0,1.0,0,0,0,1.0,0,0,0,1.0,0,0,0,1.0,0,0,0,1.0,0,0,0,1.0,0,0,0,1.0,0,0,0,1.0,-0.2,-0.5,0,1.0,0.2,-0.5,0,1.0,-0.4,-0.10833654518625829,0.3916634548137417,1.0,0.4,-0.1891950158646678,0.3108049841353322,1.0,-0.6,0.2833269096274834,0.7833269096274834,1.0,0.6,0.12160996827066439,0.6216099682706644,1.0,0,0,0,1.0,0,0,0,1.0,0,0,0,1.0,0,0,0,1.0,0,0,0,1.0,0,0,0,1.0,-0.1,0,0,1.0,0.1,0,0,1.0,-0.1,0.6356579031769078,0.23565790317690782,1.0,0.1,0.7232110033248608,0.32321100332486075,1.0,-0.1,1.2713158063538157,0.47131580635381565,1.0,0.1,1.4464220066497215,0.6464220066497215,1.0,0,0,0,1.0,0,0,0,1.0,0,0,0,1.0,0,0,0,1.0
10,330,0,0,0,1.0,0,0,0,1.0,0,0,0,1.0,0,0,0,1.0,0,0,0,1.0,0,0,0,1.0,0,0,0,1.0,0,0,0,1.0,0,0,0,1.0,0,0,0,1.0,0,0,0,1.0,-0.2,-0.5,0,1.0,0.2,-0.5,0,1.0,-0.4,-0.07926450759605175,0.42073549240394825,1.0,0.4,-0.22984884706593012,0.2701511529340699,1.0,-0.6,0.3414709848078965,0.8414709848078965,1.0,0.6,0.040302305868139765,0.5403023058681398,1.0,0,0,0,1.0,0,0,0,1.0,0,0,0,1.0,0,0,0,1.0,0,0,0,1.0,0,0,0,1.0,-0.1,0,0,1.0,0.1,0,0,1.0,-0.1,0.6576870748950765,0.2576870748950764,1.0,0.1,0.7059368749137954,0.3059368749137954,1.0,-0.1,1.315374149790153,0.5153741497901528,1.0,0.1,1.4118737498275908,0.6118737498275908,1.0,0,0,0,1.0,0,0,0,1.0,0,0,0,1.0,0,0,0,1.0
11,363,0,0,0,1.0,0,0,0,1.0,0,0,0,1.0,0,0,0,1.0,0,0,0,1.0,0,0,0,1.0,0,0,0,1.0,0,0,0,1.0,0,0,0,1.0,0,0,0,1.0,0,0,0,1.0,-0.2,-0.5,0,1.0,0.2,-0.5,0,1.0,-0.4,-0.05439631996928229,0.4456036800307177,1.0,0.4,-0.27320193928721137,0.22679806071278866,1.0,-0.6,0.3912073600614354,0.8912073600614354,1.0,0.6,-0.046403878574422686,0.4535961214255773,1.0,0,0,0,1.0,0,0,0,1.0,0,0,0,1.0,0,0,0,1.0,0,0,0,1.0,0,0,0,1.0,-0.1,0,0,1.0,0.1,0,0,1.0,-0.1,0.6784540954509427,0.2784540954509427,1.0,0.1,0.6871642678443773,0.2871642678443773,1.0,-0.1,1.3569081909018854,0.5569081909018854,1.0,0.1,1.3743285356887547,0.5743285356887546,1.0,0,0,0,1.0,0,0,0,1.0,0,0,0,1.0,0,0,0,1.0
12,396,0,0,0,1.0,0,0,0,1.0,0,0,0,1.0,0,0,0,1.0,0,0,0,1.0,0,0,0,1.0,0,0,0,1.0,0,0,0,1.0,0,0,0,1.0,0,0,0,1.0,0,0,0,1.0,-0.2,-0.5,0,1.0,0.2,-0.5,0,1.0,-0.4,-0.033980457016386856,0.46601954298361314,1.0,0.4,-0.3188211227616632,0.1811788772383368,1.0,-0.6,0.4320390859672263,0.9320390859672263,1.0,0.6,-0.13764224552332638,0.3623577544766736,1.0,0,0,0,1.0,0,0,0,1.0,0,0,0,1.0,0,0,0,1.0,0,0,0,1.0,0,0,0,1.0,-0.1,0,0,1.0,0.1,0,0,1.0,-0.1,0.6978572479883438,0.29785724798834373,1.0,0.1,0.6669851303365233,0.26698513033652327,1.0,-0.1,1.3957144959766876,0.5957144959766875,1.0,0.1,1.3339702606730466,0.5339702606730465,1.0,0,0,0,1.0,0,0,0,1.0,0,0,0,1.0,0,0,0,1.0
13,429,0,0,0,1.0,0,0,0,1.0,0,0,0,1.0,0,0,0,1.0,0,0,0,1.0,0,0,0,1.0,0,0,0,1.0,0,0,0,1.0,0,0,0,1.0,0,0,0,1.0,0,0,0,1.0,-0.2,-0.5,0,1.0,0.2,-0.5,0,1.0,-0.4,-0.01822090729140352,0.4817790927085965,1.0,0.4,-0.3662505856877063,0.13374941431229367,1.0,-0.6,0.46355818541719296,0.963558185417193,1.0,0.6,-0.23250117137541265,0.26749882862458735,1.0,0,0,0,1.0,0,0,0,1.0,0,0,0,1.0,0,0,0,1.0,0,0,0,1.0,0,0,0,1.0,-0.1,0,0,1.0,0.1,0,0,1.0,-0.1,0.7158014958759802,0.31580149587598016,1.0,0.1,0.6454982997955248,0.24549829979552468,1.0,-0.1,1.4316029917519604,0.6316029917519603,1.0,0.1,1.2909965995910495,0.49099659959104935,1.0,0,0,0,1.0,0,0,0,1.0,0,0,0,1.0,0,0,0,1.0
14,462,0,0,0,1.0,0,0,0,1.0,0,0,0,1.0,0,0,0,1.0,0,0,0,1.0,0,0,0,1.0,0,0,0,1.0,0,0,0,1.0,0,0,0,1.0,0,0,0,1.0,0,0,0,1.0,-0.2,-0.5,0,1.0,0.2,-0.5,0,1.0,-0.4,-0.007275135005769928,0.49272486499423007,1.0,0.4,-0.41501642854987947,0.08498357145012052,1.0,-0.6,0.48544972998846014,0.9854497299884601,1.0,0.6,-0.33003285709975894,0.16996714290024104,1.0,0,0,0,1.0,0,0,0,1.0,0,0,0,1.0,0,0,0,1.0,0,0,0,1.0,0,0,0,1.0,-0.1,0,0,1.0,0.1,0,0,1.0,-0.1,0.7321989481967882,0.3321989481967882,1.0,0.1,0.622809018706487,0.22280901870648698,1.0,-0.1,1.4643978963935764,0.6643978963935764,1.0,0.1,1.245618037412974,0.44561803741297396,1.0,0,0,0,1.0,0,0,0,1.0,0,0,0,1.0,0,0,0,1.0
15,495,0,0,0,1.0,0,0,0,1.0,0,0,0,1.0,0,0,0,1.0,0,0,0,1.0,0,0,0,1.0,0,0,0,1.0,0,0,0,1.0,0,0,0,1.0,0,0,0,1.0,0,0,0,1.0,-0.2,-0.5,0,1.0,0.2,-0.5,0,1.0,-0.4,-0.0012525066979727772,0.4987474933020272,1.0,0.4,-0.46463139916614854,0.03536860083385145,1.0,-0.6,0.49749498660405445,0.9974949866040544,1.0,0.6,-0.4292627983322971,0.0707372016677029,1.0,0,0,0,1.0,0,0,0,1.0,0,0,0,1.0,0,0,0,1.0,0,0,0,1.0,0,0,0,1.0,-0.1,0,0,1.0,0.1,0,0,1.0,-0.1,0.7469692902376068,0.34696929023760675,1.0,0.1,0.5990284191566909,0.19902841915669087,1.0,-0.1,1.4939385804752137,0.6939385804752135,1.0,0.1,1.1980568383133818,0.39805683831338173,1.0,0,0,0,1.0,0,0,0,1.0,0,0,0,1.0,0,0,0,1.0
16,528,0,0,0,1.0,0,0,0,1.0,0,0,0,1.0,0,0,0,1.0,0,0,0,1.0,0,0,0,1.0,0,0,0,1.0,0,0,0,1.0,0,0,0,1.0,0,0,0,1.0,0,0,0,1.0,-0.2,-0.5,0,1.0,0.2,-0.5,0,1.0,-0.4,-0.00021319847924744506,0.49978680152075255,1.0,0.4,-0.5145997611506444,-0.014599761150644408,1.0,-0.6,0.4995736030415051,0.9995736030415051,1.0,0.6,-0.5291995223012889,-0.029199522301288815,1.0,0,0,0,1.0,0,0,0,1.0,0,0,0,1.0,0,0,0,1.0,0,0,0,1.0,0,0,0,1.0,-0.1,0,0,1.0,0.1,0,0,1.0,-0.1,0.760040176870602,0.360040176870602,1.0,0.1,0.5742729785106849,0.1742729785106849,1.0,-0.1,1.520080353741204,0.720080353741204,1.0,0.1,1.1485459570213699,0.3485459570213698,1.0,0,0,0,1.0,0,0,0,1.0,0,0,0,1.0,0,0,0,1.0
17,561,0,0,0,1.0,0,0,0,1.0,0,0,0,1.0,0,0,0,1.0,0,0,0,1.0,0,0,0,1.0,0,0,0,1.0,0,0,0,1.0,0,0,0,1.0,0,0,0,1.0,0,0,0,1.0,-0.2,-0.5,0,1.0,0.2,-0.5,0,1.0,-0.4,-0.004167594773765715,0.4958324052262343,1.0,0.4,-0.5644222471477623,-0.06442224714776232,1.0,-0.6,0.49166481045246857,0.9916648104524686,1.0,0.6,-0.6288444942955247,-0.12884449429552464,1.0,0,0,0,1.0,0,0,0,1.0,0,0,0,1.0,0,0,0,1.0,0,0,0,1.0,0,0,0,1.0,-0.1,0,0,1.0,0.1,0,0,1.0,-0.1,0.7713475868996666,0.3713475868996667,1.0,0.1,0.5486639489042132,0.1486639489042132,1.0,-0.1,1.5426951737993333,0.7426951737993334,1.0,0.1,1.0973278978084264,0.2973278978084264,1.0,0,0,0,1.0,0,0,0,1.0,0,0,0,1.0,0,0,0,1.0
18,594,0,0,0,1.0,0,0,0,1.0,0,0,0,1.0,0,0,0,1.0,0,0,0,1.0,0,0,0,1.0,0,0,0,1.0,0,0,0,1.0,0,0,0,1.0,0,0,0,1.0,0,0,0,1.0,-0.2,-0.5,0,1.0,0.2,-0.5,0,1.0,-0.4,-0.013076184560902426,0.4869238154390976,1.0,0.4,-0.6136010473465435,-0.11360104734654355,1.0,-0.6,0.47384763087819515,0.9738476308781951,1.0,0.6,-0.727202094693087,-0.2272020946930871,1.0,0,0,0,1.0,0,0,0,1.0,0,0,0,1.0,0,0,0,1.0,0,0,0,1.0,0,0,0,1.0,-0.1,0,0,1.0,0.1,0,0,1.0,-0.1,0.7808361366362063,0.3808361366362063,1.0,0.1,0.5223267633513158,0.12232676335131575,1.0,-0.1,1.5616722732724126,0.7616722732724126,1.0,0.1,1.0446535267026316,0.2446535267026315,1.0,0,0,0,1.0,0,0,0,1.0,0,0,0,1.0,0,0,0,1.0
19,627,0,0,0,1.0,0,0,0,1.0,0,0,0,1.0,0,0,0,1.0,0,0,0,1.0,0,0,0,1.0,0,0,0,1.0,0,0,0,1.0,0,0,0,1.0,0,0,0,1.0,0,0,0,1.0,-0.2,-0.5,0,1.0,0.2,-0.5,0,1.0,-0.4,-0.026849956156292765,0.47315004384370724,1.0,0.4,-0.6616447834317517,-0.16164478343175168,1.0,-0.6,0.44630008768741447,0.9463000876874145,1.0,0.6,-0.8232895668635034,-0.32328956686350335,1.0,0,0,0,1.0,0,0,0,1.0,0,0,0,1.0,0,0,0,1.0,0,0,0,1.0,0,0,0,1.0,-0.1,0,0,1.0,0.1,0,0,1.0,-0.1,0.7884593511684179,0.38845935116841784,1.0,0.1,0.4953904213734894,0.09539042137348935,1.0,-0.1,1.5769187023368358,0.7769187023368357,1.0,0.1,0.9907808427469788,0.1907808427469787,1.0,0,0,0,1.0,0,0,0,1.0,0,0,0,1.0,0,0,0,1.0
20,660,0,0,0,1.0,0,0,0,1.0,0,0,0,1.0,0,0,0,1.0,0,0,0,1.0,0,0,0,1.0,0,0,0,1.0,0,0,0,1.0,0,0,0,1.0,0,0,0,1.0,0,0,0,1.0,-0.2,-0.5,0,1.0,0.2,-0.5,0,1.0,-0.4,-0.045351286587159145,0.45464871341284085,1.0,0.4,-0.7080734182735712,-0.2080734182735712,1.0,-0.6,0.4092974268256817,0.9092974268256817,1.0,0.6,-0.9161468365471424,-0.4161468365471424,1.0,0,0,0,1.0,0,0,0,1.0,0,0,0,1.0,0,0,0,1.0,0,0,0,1.0,0,0,0,1.0,-0.1,0,0,1.0,0.1,0,0,1.0,-0.1,0.7941798919953841,0.39417989199538406,1.0,0.1,0.46798685716009647,0.06798685716009642,1.0,-0.1,1.5883597839907682,0.7883597839907681,1.0,0.1,0.9359737143201929,0.13597371432019284,1.0,0,0,0,1.0,0,0,0,1.0,0,0,0,1.0,0,0,0,1.0
21,693,0,0,0,1.0,0,0,0,1.0,0,0,0,1.0,0,0,0,1.0,0,0,0,1.0,0,0,0,1.0,0,0,0,1.0,0,0,0,1.0,0,0,0,1.0,0,0,0,1.0,0,0,0,1.0,-0.2,-0.5,0,1.0,0.2,-0.5,0,1.0,-0.4,-0.06839531667556314,0.43160468332443686,1.0,0.4,-0.7524230522999288,-0.2524230522999288,1.0,-0.6,0.3632093666488737,0.8632093666488737,1.0,0.6,-1.0048461045998576,-0.5048461045998576,1.0,0,0,0,1.0,0,0,0,1.0,0,0,0,1.0,0,0,0,1.0,0,0,0,1.0,0,0,0,1.0,-0.1,0,0,1.0,0.1,0,0,1.0,-0.1,0.7979697399110324,0.3979697399110324,1.0,0.1,0.4402502933547727,0.0402502933547727,1.0,-0.1,1.5959394798220647,0.7959394798220648,1.0,0.1,0.8805005867095455,0.0805005867095454,1.0,0,0,0,1.0,0,0,0,1.0,0,0,0,1.0,0,0,0,1.0
22,726,0,0,0,1.0,0,0,0,1.0,0,0,0,1.0,0,0,0,1.0,0,0,0,1.0,0,0,0,1.0,0,0,0,1.0,0,0,0,1.0,0,0,0,1.0,0,0,0,1.0,0,0,0,1.0,-0.2,-0.5,0,1.0,0.2,-0.5,0,1.0,-0.4,-0.09575179809020495,0.40424820190979505,1.0,0.4,-0.7942505586276729,-0.2942505586276729,1.0,-0.6,0.3084964038195901,0.8084964038195901,1.0,0.6,-1.0885011172553458,-0.5885011172553458,1.0,0,0,0,1.0,0,0,0,1.0,0,0,0,1.0,0,0,0,1.0,0,0,0,1.0,0,0,0,1.0,-0.1,0,0,1.0,0.1,0,0,1.0,-0.1,0.7998103322421917,0.39981033224219165,1.0,0.1,0.41231658363298646,0.012316583632986449,1.0,-0.1,1.5996206644843833,0.7996206644843833,1.0,0.1,0.8246331672659729,0.024633167265972897,1.0,0,0,0,1.0,0,0,0,1.0,0,0,0,1.0,0,0,0,1.0
23,759,0,0,0,1.0,0,0,0,1.0,0,0,0,1.0,0,0,0,1.0,0,0,0,1.0,0,0,0,1.0,0,0,0,1.0,0,0,0,1.0,0,0,0,1.0,0,0,0,1.0,0,0,0,1.0,-0.2,-0.5,0,1.0,0.2,-0.5,0,1.0,-0.4,-0.12714739391163987,0.37285260608836013,1.0,0.4,-0.833138010639912,-0.33313801063991205,1.0,-0.6,0.24570521217672026,0.7457052121767203,1.0,0.6,-1.166276021279824,-0.6662760212798241,1.0,0,0,0,1.0,0,0,0,1.0,0,0,0,1.0,0,0,0,1.0,0,0,0,1.0,0,0,0,1.0,-0.1,0,0,1.0,0.1,0,0,1.0,-0.1,0.7996926537685562,0.3996926537685562,1.0,0.1,0.384322547290805,-0.015677452709194996,1.0,-0.1,1.5993853075371125,0.7993853075371125,1.0,0.1,0.76864509458161,-0.03135490541838999,1.0,0,0,0,1.0,0,0,0,1.0,0,0,0,1.0,0,0,0,1.0
24,792,0,0,0,1.0,0,0,0,1.0,0,0,0,1.0,0,0,0,1.0,0,0,0,1.0,0,0,0,1.0,0,0,0,1.0,0,0,0,1.0,0,0,0,1.0,0,0,0,1.0,0,0,0,1.0,-0.2,-0.5,0,1.0,0.2,-0.5,0,1.0,-0.4,-0.16226840972442452,0.3377315902755755,1.0,0.4,-0.8686968577706227,-0.3686968577706227,1.0,-0.6,0.17546318055115095,0.675463180551151,1.0,0.6,-1.2373937155412453,-0.7373937155412454,1.0,0,0,0,1.0,0,0,0,1.0,0,0,0,1.0,0,0,0,1.0,0,0,0,1.0,0,0,0,1.0,-0.1,0,0,1.0,0.1,0,0,1.0,-0.1,0.7976172808792305,0.39761728087923043,1.0,0.1,0.35640529910405155,-0.04359470089594845,1.0,-0.1,1.595234561758461,0.7952345617584609,1.0,0.1,0.7128105982081031,-0.0871894017918969,1.0,0,0,0,1.0,0,0,0,1.0,0,0,0,1.0,0,0,0,1.0
25,825,0,0,0,1.0,0,0,0,1.0,0,0,0,1.0,0,0,0,1.0,0,0,0,1.0,0,0,0,1.0,0,0,0,1.0,0,0,0,1.0,0,0,0,1.0,0,0,0,1.0,0,0,0,1.0,-0.2,-0.5,0,1.0,0.2,-0.5,0,1.0,-0.4,-0.20076392794802173,0.2992360720519783,1.0,0.4,-0.9005718077734668,-0.40057180777346685,1.0,-0.6,0.09847214410395655,0.5984721441039565,1.0,0.6,-1.3011436155469336,-0.8011436155469337,1.0,0,0,0,1.0,0,0,0,1.0,0,0,0,1.0,0,0,0,1.0,0,0,0,1.0,0,0,0,1.0,-0.1,0,0,1.0,0.1,0,0,1.0,-0.1,0.7935943787495748,0.3935943787495748,1.0,0.1,0.3287015777402032,-0.07129842225979684,1.0,-0.1,1.5871887574991497,0.7871887574991496,1.0,0.1,0.6574031554804064,-0.14259684451959367,1.0,0,0,0,1.0,0,0,0,1.0,0,0,0,1.0,0,0,0,1.0
26,858,0,0,0,1.0,0,0,0,1.0,0,0,0,1.0,0,0,0,1.0,0,0,0,1.0,0,0,0,1.0,0,0,0,1.0,0,0,0,1.0,0,0,0,1.0,0,0,0,1.0,0,0,0,1.0,-0.2,-0.5,0,1.0,0.2,-0.5,0,1.0,-0.4,-0.24224931408926792,0.2577506859107321,1.0,0.4,-0.9284443766844737,-0.42844437668447366,1.0,-0.6,0.01550137182146416,0.5155013718214642,1.0,0.6,-1.3568887533689473,-0.8568887533689473,1.0,0,0,0,1.0,0,0,0,1.0,0,0,0,1.0,0,0,0,1.0,0,0,0,1.0,0,0,0,1.0,-0.1,0,0,1.0,0.1,0,0,1.0,-0.1,0.7876436515521826,0.3876436515521826,1.0,0.1,0.30134707601246646,-0.09865292398753353,1.0,-0.1,1.5752873031043653,0.7752873031043652,1.0,0.1,0.6026941520249329,-0.19730584797506706,1.0,0,0,0,1.0,0,0,0,1.0,0,0,0,1.0,0,0,0,1.0
27,891,0,0,0,1.0,0,0,0,1.0,0,0,0,1.0,0,0,0,1.0,0,0,0,1.0,0,0,0,1.0,0,0,0,1.0,0,0,0,1.0,0,0,0,1.0,0,0,0,1.0,0,0,0,1.0,-0.2,-0.5,0,1.0,0.2,-0.5,0,1.0,-0.4,-0.2863100598830851,0.2136899401169149,1.0,0.4,-0.9520360710085306,-0.4520360710085306,1.0,-0.6,-0.07262011976617022,0.4273798802338298,1.0,0.6,-1.4040721420170612,-0.9040721420170612,1.0,0,0,0,1.0,0,0,0,1.0,0,0,0,1.0,0,0,0,1.0,0,0,0,1.0,0,0,0,1.0,-0.1,0,0,1.0,0.1,0,0,1.0,-0.1,0.7797942459458522,0.3797942459458522,1.0,0.1,0.27447577625644715,-0.1255242237435529,1.0,-0.1,1.5595884918917045,0.7595884918917044,1.0,0.1,0.5489515525128943,-0.2510484474871058,1.0,0,0,0,1.0,0,0,0,1.0,0,0,0,1.0,0,0,0,1.0
28,924,0,0,0,1.0,0,0,0,1.0,0,0,0,1.0,0,0,0,1.0,0,0,0,1.0,0,0,0,1.0,0,0,0,1.0,0,0,0,1.0,0,0,0,1.0,0,0,0,1.0,0,0,0,1.0,-0.2,-0.5,0,1.0,0.2,-0.5,0,1.0,-0.4,-0.33250592492204745,0.16749407507795255,1.0,0.4,-0.971111170334329,-0.47111117033432903,1.0,-0.6,-0.1650118498440949,0.3349881501559051,1.0,0.6,-1.442222340668658,-0.9422223406686581,1.0,0,0,0,1.0,0,0,0,1.0,0,0,0,1.0,0,0,0,1.0,0,0,0,1.0,0,0,0,1.0,-0.1,0,0,1.0,0.1,0,0,1.0,-0.1,0.7700846083152674,0.37008460831526735,1.0,0.1,0.2482192940847383,-0.15178070591526172,1.0,-0.1,1.5401692166305347,0.7401692166305347,1.0,0.1,0.4964385881694766,-0.30356141183052343,1.0,0,0,0,1.0,0,0,0,1.0,0,0,0,1.0,0,0,0,1.0
29,957,0,0,0,1.0,0,0,0,1.0,0,0,0,1.0,0,0,0,1.0,0,0,0,1.0,0,0,0,1.0,0,0,0,1.0,0,0,0,1.0,0,0,0,1.0,0,0,0,1.0,0,0,0,1.0,-0.2,-0.5,0,1.0,0.2,-0.5,0,1.0,-0.4,-0.3803753353930088,0.11962466460699121,1.0,0.4,-0.9854790825747952,-0.4854790825747953,1.0,-0.6,-0.26075067078601755,0.23924932921398243,1.0,0.6,-1.4709581651495904,-0.9709581651495905,1.0,0,0,0,1.0,0,0,0,1.0,0,0,0,1.0,0,0,0,1.0,0,0,0,1.0,0,0,0,1.0,-0.1,0,0,1.0,0.1,0,0,1.0,-0.1,0.758562296460624,0.35856229646062404,1.0,0.1,0.22270623373371645,-0.17729376626628357,1.0,-0.1,1.517124592921248,0.7171245929212481,1.0,0.1,0.4454124674674329,-0.35458753253256714,1.0,0,0,0,1.0,0,0,0,1.0,0,0,0,1.0,0,0,0,1.0
30,990,0,0,0,1.0,0,0,0,1.0,0,0,0,1.0,0,0,0,1.0,0,0,0,1.0,0,0,0,1.0,0,0,0,1.0,0,0,0,1.0,0,0,0,1.0,0,0,0,1.0,0,0,0,1.0,-0.2,-0.5,0,1.0,0.2,-0.5,0,1.0,-0.4,-0.4294399959700664,0.0705600040299336,1.0,0.4,-0.9949962483002227,-0.4949962483002227,1.0,-0.6,-0.35887999194013276,0.1411200080598672,1.0,0.6,-1.4899924966004454,-0.9899924966004454,1.0,0,0,0,1.0,0,0,0,1.0,0,0,0,1.0,0,0,0,1.0,0,0,0,1.0,0,0,0,1.0,-0.1,0,0,1.0,0.1,0,0,1.0,-0.1,0.7452837466595497,0.3452837466595496,1.0,0.1,0.19806155816005716,-0.20193844183994286,1.0,-0.1,1.4905674933190993,0.6905674933190992,1.0,0.1,0.3961231163201143,-0.4038768836798857,1.0,0,0,0,1.0,0,0,0,1.0,0,0,0,1.0,0,0,0,1.0
31,1023,0,0,0,1.0,0,0,0,1.0,0,0,0,1.0,0,0,0,1.0,0,0,0,1.0,0,0,0,1.0,0,0,0,1.0,0,0,0,1.0,0,0,0,1.0,0,0,0,1.0,0,0,0,1.0,-0.2,-0.5,0,1.0,0.2,-0.5,0,1.0,-0.4,-0.47920966878335475,0.020790331216645246,1.0,0.4,-0.9995675751366397,-0.49956757513663974,1.0,-0.6,-0.4584193375667095,0.04158066243329049,1.0,0.6,-1.4991351502732795,-0.9991351502732795,1.0,0,0,0,1.0,0,0,0,1.0,0,0,0,1.0,0,0,0,1.0,0,0,0,1.0,0,0,0,1.0,-0.1,0,0,1.0,0.1,0,0,1.0,-0.1,0.7303139972422432,0.33031399724224325,1.0,0.1,0.17440597697223598,-0.22559402302776405,1.0,-0.1,1.4606279944844864,0.6606279944844865,1.0,0.1,0.34881195394447195,-0.4511880460555281,1.0,0,0,0,1.0,0,0,0,1.0,0,0,0,1.0,0,0,0,1.0
32,1056,0,0,0,1.0,0,0,0,1.0,0,0,0,1.0,0,0,0,1.0,0,0,0,1.0,0,0,0,1.0,0,0,0,1.0,0,0,0,1.0,0,0,0,1.0,0,0,0,1.0,0,0,0,1.0,-0.2,-0.5,0,1.0,0.2,-0.5,0,1.0,-0.4,-0.5291870717137901,-0.029187071713790043,1.0,0.4,-0.9991473878973766,-0.49914738789737656,1.0,-0.6,-0.5583741434275801,-0.058374143427580086,1.0,0.6,-1.4982947757947531,-0.9982947757947531,1.0,0,0,0,1.0,0,0,0,1.0,0,0,0,1.0,0,0,0,1.0,0,0,0,1.0,0,0,0,1.0,-0.1,0,0,1.0,0.1,0,0,1.0,-0.1,0.7137263700337682,0.3137263700337681,1.0,0.1,0.1518553551949282,-0.2481446448050718,1.0,-0.1,1.4274527400675363,0.6274527400675362,1.0,0.1,0.3037107103898564,-0.4962892896101436,1.0,0,0,0,1.0,0,0,0,1.0,0,0,0,1.0,0,0,0,1.0
33,1089,0,0,0,1.0,0,0,0,1.0,0,0,0,1.0,0,0,0,1.0,0,0,0,1.0,0,0,0,1.0,0,0,0,1.0,0,0,0,1.0,0,0,0,1.0,0,0,0,1.0,0,0,0,1.0,-0.2,-0.5,0,1.0,0.2,-0.5,0,1.0,-0.4,-0.5788728470716241,-0.0788728470716241,1.0,0.4,-0.9937398849544324,-0.49373988495443244,1.0,-0.6,-0.6577456941432482,-0.1577456941432482,1.0,0.6,-1.4874797699088649,-0.9874797699088649,1.0,0,0,0,1.0,0,0,0,1.0,0,0,0,1.0,0,0,0,1.0,0,0,0,1.0,0,0,0,1.0,-0.1,0,0,1.0,0.1,0,0,1.0,-0.1,0.6956021112237885,0.2956021112237885,1.0,0.1,0.1305201457621758,-0.2694798542378242,1.0,-0.1,1.391204222447577,0.591204222447577,1.0,0.1,0.2610402915243516,-0.5389597084756484,1.0,0,0,0,1.0,0,0,0,1.0,0,0,0,1.0,0,0,0,1.0
34,1122,0,0,0,1.0,0,0,0,1.0,0,0,0,1.0,0,0,0,1.0,0,0,0,1.0,0,0,0,1.0,0,0,0,1.0,0,0,0,1.0,0,0,0,1.0,0,0,0,1.0,0,0,0,1.0,-0.2,-0.5,0,1.0,0.2,-0.5,0,1.0,-0.4,-0.6277705510134156,-0.1277705510134156,1.0,0.4,-0.9833990962897305,-0.48339909628973055,1.0,-0.6,-0.7555411020268312,-0.2555411020268312,1.0,0.6,-1.466798192579461,-0.9667981925794611,1.0,0,0,0,1.0,0,0,0,1.0,0,0,0,1.0,0,0,0,1.0,0,0,0,1.0,0,0,0,1.0,-0.1,0,0,1.0,0.1,0,0,1.0,-0.1,0.6760299934227746,0.27602999342277457,1.0,0.1,0.11050484851897258,-0.28949515148102745,1.0,-0.1,1.3520599868455492,0.5520599868455491,1.0,0.1,0.22100969703794515,-0.5789903029620549,1.0,0,0,0,1.0,0,0,0,1.0,0,0,0,1.0,0,0,0,1.0
35,1155,0,0,0,1.0,0,0,0,1.0,0,0,0,1.0,0,0,0,1.0,0,0,0,1.0,0,0,0,1.0,0,0,0,1.0,0,0,0,1.0,0,0,0,1.0,0,0,0,1.0,0,0,0,1.0,-0.2,-0.5,0,1.0,0.2,-0.5,0,1.0,-0.4,-0.67539161384481,-0.17539161384480992,1.0,0.4,-0.9682283436453982,-0.46822834364539817,1.0,-0.6,-0.8507832276896199,-0.35078322768961984,1.0,0.6,-1.4364566872907965,-0.9364566872907963,1.0,0,0,0,1.0,0,0,0,1.0,0,0,0,1.0,0,0,0,1.0,0,0,0,1.0,0,0,0,1.0,-0.1,0,0,1.0,0.1,0,0,1.0,-0.1,0.6551058808538016,0.2551058808538016,1.0,0.1,0.09190749838107715,-0.3080925016189229,1.0,-0.1,1.3102117617076032,0.5102117617076032,1.0,0.1,0.1838149967621543,-0.6161850032378458,1.0,0,0,0,1.0,0,0,0,1.0,0,0,0,1.0,0,0,0,1.0
36,1188,0,0,0,1.0,0,0,0,1.0,0,0,0,1.0,0,0,0,1.0,0,0,0,1.0,0,0,0,1.0,0,0,0,1.0,0,0,0,1.0,0,0,0,1.0,0,0,0,1.0,0,0,0,1.0,-0.2,-0.5,0,1.0,0.2,-0.5,0,1.0,-0.4,-0.7212602216474262,-0.22126022164742623,1.0,0.4,-0.9483792081670734,-0.4483792081670735,1.0,-0.6,-0.9425204432948524,-0.44252044329485246,1.0,0.6,-1.3967584163341469,-0.896758416334147,1.0,0,0,0,1.0,0,0,0,1.0,0,0,0,1.0,0,0,0,1.0,0,0,0,1.0,0,0,0,1.0,-0.1,0,0,1.0,0.1,0,0,1.0,-0.1,0.6329322598096327,0.23293225980963275,1.0,0.1,0.07481918516004404,-0.325180814839956,1.0,-0.1,1.2658645196192655,0.4658645196192655,1.0,0.1,0.1496383703200881,-0.650361629679912,1.0,0,0,0,1.0,0,0,0,1.0,0,0,0,1.0,0,0,0,1.0
37,1221,0,0,0,1.0,0,0,0,1.0,0,0,0,1.0,0,0,0,1.0,0,0,0,1.0,0,0,0,1.0,0,0,0,1.0,0,0,0,1.0,0,0,0,1.0,0,0,0,1.0,0,0,0,1.0,-0.2,-0.5,0,1.0,0.2,-0.5,0,1.0,-0.4,-0.7649180704542466,-0.2649180704542467,1.0,0.4,-0.9240500158552041,-0.424050015855204,1.0,-0.6,-1.0298361409084933,-0.5298361409084934,1.0,0.6,-1.3481000317104082,-0.848100031710408,1.0,0,0,0,1.0,0,0,0,1.0,0,0,0,1.0,0,0,0,1.0,0,0,0,1.0,0,0,0,1.0,-0.1,0,0,1.0,0.1,0,0,1.0,-0.1,0.6096177366749105,0.20961773667491046,1.0,0.1,0.059323607405373735,-0.3406763925946263,1.0,-0.1,1.219235473349821,0.4192354733498209,1.0,0.1,0.11864721481074747,-0.6813527851892526,1.0,0,0,0,1.0,0,0,0,1.0,0,0,0,1.0,0,0,0,1.0
38,1254,0,0,0,1.0,0,0,0,1.0,0,0,0,1.0,0,0,0,1.0,0,0,0,1.0,0,0,0,1.0,0,0,0,1.0,0,0,0,1.0,0,0,0,1.0,0,0,0,1.0,0,0,0,1.0,-0.2,-0.5,0,1.0,0.2,-0.5,0,1.0,-0.4,-0.8059289454713594,-0.30592894547135946,1.0,0.4,-0.8954838559572085,-0.3954838559572084,1.0,-0.6,-1.1118578909427188,-0.6118578909427189,1.0,0.6,-1.290967711914417,-0.7909677119144168,1.0,0,0,0,1.0,0,0,0,1.0,0,0,0,1.0,0,0,0,1.0,0,0,0,1.0,0,0,0,1.0,-0.1,0,0,1.0,0.1,0,0,1.0,-0.1,0.5852765059721383,0.18527650597213824,1.0,0.1,0.045496662449059255,-0.35450333755094077,1.0,-0.1,1.1705530119442766,0.3705530119442765,1.0,0.1,0.09099332489811851,-0.7090066751018815,1.0,0,0,0,1.0,0,0,0,1.0,0,0,0,1.0,0,0,0,1.0
39,1287,0,0,0,1.0,0,0,0,1.0,0,0,0,1.0,0,0,0,1.0,0,0,0,1.0,0,0,0,1.0,0,0,0,1.0,0,0,0,1.0,0,0,0,1.0,0,0,0,1.0,0,0,0,1.0,-0.2,-0.5,0,1.0,0.2,-0.5,0,1.0,-0.4,-0.8438830795919869,-0.3438830795919869,1.0,0.4,-0.8629661521000701,-0.3629661521000701,1.0,-0.6,-1.1877661591839739,-0.6877661591839738,1.0,0.6,-1.2259323042001402,-0.7259323042001402,1.0,0,0,0,1.0,0,0,0,1.0,0,0,0,1.0,0,0,0,1.0,0,0,0,1.0,0,0,0,1.0,-0.1,0,0,1.0,0.1,0,0,1.0,-0.1,0.5600277910369679,0.16002779103696782,1.0,0.1,0.03340607466049228,-0.36659392533950774,1.0,-0.1,1.1200555820739357,0.32005558207393564,1.0,0.1,0.06681214932098456,-0.7331878506790155,1.0,0,0,0,1.0,0,0,0,1.0,0,0,0,1.0,0,0,0,1.0
40,1320,0,0,0,1.0,0,0,0,1.0,0,0,0,1.0,0,0,0,1.0,0,0,0,1.0,0,0,0,1.0,0,0,0,1.0,0,0,0,1.0,0,0,0,1.0,0,0,0,1.0,0,0,0,1.0,-0.2,-0.5,0,1.0,0.2,-0.5,0,1.0,-0.4,-0.8784012476539641,-0.3784012476539641,1.0,0.4,-0.8268218104318059,-0.32682181043180597,1.0,-0.6,-1.2568024953079282,-0.7568024953079282,1.0,0.6,-1.1536436208636118,-0.6536436208636119,1.0,0,0,0,1.0,0,0,0,1.0,0,0,0,1.0,0,0,0,1.0,0,0,0,1.0,0,0,0,1.0,-0.1,0,0,1.0,0.1,0,0,1.0,-0.1,0.5339952600623621,0.13399526006236204,1.0,0.1,0.023111063732536796,-0.3768889362674632,1.0,-0.1,1.0679905201247242,0.2679905201247241,1.0,0.1,0.04622212746507359,-0.7537778725349265,1.0,0,0,0,1.0,0,0,0,1.0,0,0,0,1.0,0,0,0,1.0
41,1353,0,0,0,1.0,0,0,0,1.0,0,0,0,1.0,0,0,0,1.0,0,0,0,1.0,0,0,0,1.0,0,0,0,1.0,0,0,0,1.0,0,0,0,1.0,0,0,0,1.0,0,0,0,1.0,-0.2,-0.5,0,1.0,0.2,-0.5,0,1.0,-0.4,-0.9091385555322051,-0.40913855553220513,1.0,0.4,-0.7874119732666346,-0.2874119732666346,1.0,-0.6,-1.3182771110644103,-0.8182771110644103,1.0,0.6,-1.0748239465332692,-0.5748239465332692,1.0,0,0,0,1.0,0,0,0,1.0,0,0,0,1.0,0,0,0,1.0,0,0,0,1.0,0,0,0,1.0,-0.1,0,0,1.0,0.1,0,0,1.0,-0.1,0.5073064203718474,0.10730642037184734,1.0,0.1,0.01466205462350273,-0.3853379453764973,1.0,-0.1,1.0146128407436947,0.2146128407436947,1.0,0.1,0.02932410924700546,-0.7706758907529946,1.0,0,0,0,1.0,0,0,0,1.0,0,0,0,1.0,0,0,0,1.0
42,1386,0,0,0,1.0,0,0,0,1.0,0,0,0,1.0,0,0,0,1.0,0,0,0,1.0,0,0,0,1.0,0,0,0,1.0,0,0,0,1.0,0,0,0,1.0,0,0,0,1.0,0,0,0,1.0,-0.2,-0.5,0,1.0,0.2,-0.5,0,1.0,-0.4,-0.9357878862067941,-0.4357878862067941,1.0,0.4,-0.7451304106703497,-0.2451304106703497,1.0,-0.6,-1.3715757724135882,-0.8715757724135882,1.0,0.6,-0.9902608213406994,-0.4902608213406994,1.0,0,0,0,1.0,0,0,0,1.0,0,0,0,1.0,0,0,0,1.0,0,0,0,1.0,0,0,0,1.0,-0.1,0,0,1.0,0.1,0,0,1.0,-0.1,0.48009199388870827,0.08009199388870822,1.0,0.1,0.008100430575726292,-0.39189956942427373,1.0,-0.1,0.9601839877774165,0.16018398777741644,1.0,0.1,0.016200861151452584,-0.7837991388485475,1.0,0,0,0,1.0,0,0,0,1.0,0,0,0,1.0,0,0,0,1.0
43,1419,0,0,0,1.0,0,0,0,1.0,0,0,0,1.0,0,0,0,1.0,0,0,0,1.0,0,0,0,1.0,0,0,0,1.0,0,0,0,1.0,0,0,0,1.0,0,0,0,1.0,0,0,0,1.0,-0.2,-0.5,0,1.0,0.2,-0.5,0,1.0,-0.4,-0.9580829683747274,-0.45808296837472745,1.0,0.4,-0.7003995860399878,-0.20039958603998773,1.0,-0.6,-1.4161659367494548,-0.9161659367494549,1.0,0.6,-0.9007991720799755,-0.40079917207997545,1.0,0,0,0,1.0,0,0,0,1.0,0,0,0,1.0,0,0,0,1.0,0,0,0,1.0,0,0,0,1.0,-0.1,0,0,1.0,0.1,0,0,1.0,-0.1,0.4524852768600737,0.0524852768600737,1.0,0.1,0.0034583304204696685,-0.39654166957953035,1.0,-0.1,0.9049705537201475,0.1049705537201474,1.0,0.1,0.006916660840939337,-0.7930833391590607,1.0,0,0,0,1.0,0,0,0,1.0,0,0,0,1.0,0,0,0,1.0
44,1452,0,0,0,1.0,0,0,0,1.0,0,0,0,1.0,0,0,0,1.0,0,0,0,1.0,0,0,0,1.0,0,0,0,1.0,0,0,0,1.0,0,0,0,1.0,0,0,0,1.0,0,0,0,1.0,-0.2,-0.5,0,1.0,0.2,-0.5,0,1.0,-0.4,-0.9758010369447581,-0.475801036944758,1.0,0.4,-0.6536664349892096,-0.15366643498920968,1.0,-0.6,-1.4516020738895161,-0.951602073889516,1.0,0.6,-0.8073328699784194,-0.30733286997841935,1.0,0,0,0,1.0,0,0,0,1.0,0,0,0,1.0,0,0,0,1.0,0,0,0,1.0,0,0,0,1.0,-0.1,0,0,1.0,0.1,0,0,1.0,-0.1,0.4246214869719653,0.02462148697196526,1.0,0.1,0.0007584911619417101,-0.3992415088380583,1.0,-0.1,0.8492429739439306,0.04924297394393052,1.0,0.1,0.0015169823238834201,-0.7984830176761166,1.0,0,0,0,1.0,0,0,0,1.0,0,0,0,1.0,0,0,0,1.0
45,1485,0,0,0,1.0,0,0,0,1.0,0,0,0,1.0,0,0,0,1.0,0,0,0,1.0,0,0,0,1.0,0,0,0,1.0,0,0,0,1.0,0,0,0,1.0,0,0,0,1.0,0,0,0,1.0,-0.2,-0.5,0,1.0,0.2,-0.5,0,1.0,-0.4,-0.9887650588325485,-0.4887650588325485,1.0,0.4,-0.6053978997153898,-0.10539789971538985,1.0,-0.6,-1.477530117665097,-0.977530117665097,1.0,0.6,-0.7107957994307796,-0.2107957994307797,1.0,0,0,0,1.0,0,0,0,1.0,0,0,0,1.0,0,0,0,1.0,0,0,0,1.0,0,0,0,1.0,-0.1,0,0,1.0,0.1,0,0,1.0,-0.1,0.3966371010531406,-0.0033628989468594476,1.0,0.1,1.4136611463211324e-05,-0.3999858633885368,1.0,-0.1,0.7932742021062812,-0.006725797893718895,1.0,0.1,2.8273222926422648e-05,-0.7999717267770736,1.0,0,0,0,1.0,0,0,0,1.0,0,0,0,1.0,0,0,0,1.0
46,1518,0,0,0,1.0,0,0,0,1.0,0,0,0,1.0,0,0,0,1.0,0,0,0,1.0,0,0,0,1.0,0,0,0,1.0,0,0,0,1.0,0,0,0,1.0,0,0,0,1.0,0,0,0,1.0,-0.2,-0.5,0,1.0,0.2,-0.5,0,1.0,-0.4,-0.9968455018167321,-0.4968455018167322,1.0,0.4,-0.5560762634675275,-0.056076263467527435,1.0,-0.6,-1.4936910036334643,-0.9936910036334644,1.0,0.6,-0.6121525269350548,-0.11215252693505487,1.0,0,0,0,1.0,0,0,0,1.0,0,0,0,1.0,0,0,0,1.0,0,0,0,1.0,0,0,0,1.0,-0.1,0,0,1.0,0.1,0,0,1.0,-0.1,0.3686691866116541,-0.031330813388345945,1.0,0.1,0.0012289126172452258,-0.3987710873827548,1.0,-0.1,0.7373383732233082,-0.06266162677669189,1.0,0.1,0.0024578252344904516,-0.7975421747655096,1.0,0,0,0,1.0,0,0,0,1.0,0,0,0,1.0,0,0,0,1.0
47,1551,0,0,0,1.0,0,0,0,1.0,0,0,0,1.0,0,0,0,1.0,0,0,0,1.0,0,0,0,1.0,0,0,0,1.0,0,0,0,1.0,0,0,0,1.0,0,0,0,1.0,0,0,0,1.0,-0.2,-0.5,0,1.0,0.2,-0.5,0,1.0,-0.4,-0.9999616287820504,-0.4999616287820504,1.0,0.4,-0.5061943317314452,-0.00619433173144528,1.0,-0.6,-1.4999232575641008,-0.9999232575641008,1.0,0.6,-0.5123886634628906,-0.01238866346289056,1.0,0,0,0,1.0,0,0,0,1.0,0,0,0,1.0,0,0,0,1.0,0,0,0,1.0,0,0,0,1.0,-0.1,0,0,1.0,0.1,0,0,1.0,-0.1,0.34085473047827264,-0.05914526952172741,1.0,0.1,0.004396869207026866,-0.39560313079297316,1.0,-0.1,0.6817094609565453,-0.11829053904345482,1.0,0.1,0.008793738414053731,-0.7912062615859463,1.0,0,0,0,1.0,0,0,0,1.0,0,0,0,1.0,0,0,0,1.0
48,1584,0,0,0,1.0,0,0,0,1.0,0,0,0,1.0,0,0,0,1.0,0,0,0,1.0,0,0,0,1.0,0,0,0,1.0,0,0,0,1.0,0,0,0,1.0,0,0,0,1.0,0,0,0,1.0,-0.2,-0.5,0,1.0,0.2,-0.5,0,1.0,-0.4,-0.9980823044179203,-0.49808230441792034,1.0,0.4,-0.4562505082802768,0.0437494917197232,1.0,-0.6,-1.4961646088358407,-0.9961646088358407,1.0,0.6,-0.4125010165605536,0.0874989834394464,1.0,0,0,0,1.0,0,0,0,1.0,0,0,0,1.0,0,0,0,1.0,0,0,0,1.0,0,0,0,1.0,-0.1,0,0,1.0,0.1,0,0,1.0,-0.1,0.3133299678450482,-0.08667003215495185,1.0,0.1,0.009502489731036012,-0.390497510268964,1.0,-0.1,0.6266599356900964,-0.1733400643099037,1.0,0.1,0.019004979462072025,-0.780995020537928,1.0,0,0,0,1.0,0,0,0,1.0,0,0,0,1.0,0,0,0,1.0
49,1617,0,0,0,1.0,0,0,0,1.0,0,0,0,1.0,0,0,0,1.0,0,0,0,1.0,0,0,0,1.0,0,0,0,1.0,0,0,0,1.0,0,0,0,1.0,0,0,0,1.0,0,0,0,1.0,-0.2,-0.5,0,1.0,0.2,-0.5,0,1.0,-0.4,-0.9912263063121662,-0.49122630631216624,1.0,0.4,-0.4067438152887121,0.09325618471128788,1.0,-0.6,-1.4824526126243325,-0.9824526126243325,1.0,0.6,-0.31348763057742424,0.18651236942257576,1.0,0,0,0,1.0,0,0,0,1.0,0,0,0,1.0,0,0,0,1.0,0,0,0,1.0,0,0,0,1.0,-0.1,0,0,1.0,0.1,0,0,1.0,-0.1,0.286229714985415,-0.11377028501458503,1.0,0.1,0.016520766862532565,-0.38347923313746746,1.0,-0.1,0.57245942997083,-0.22754057002917005,1.0,0.1,0.03304153372506513,-0.7669584662749349,1.0,0,0,0,1.0,0,0,0,1.0,0,0,0,1.0,0,0,0,1.0
50,1650,0,0,0,1.0,0,0,0,1.0,0,0,0,1.0,0,0,0,1.0,0,0,0,1.0,0,0,0,1.0,0,0,0,1.0,0,0,0,1.0,0,0,0,1.0,0,0,0,1.0,0,0,0,1.0,-0.2,-0.5,0,1.0,0.2,-0.5,0,1.0,-0.4,-0.9794621373315693,-0.4794621373315692,1.0,0.4,-0.3581689072683869,0.14183109273161312,1.0,-0.6,-1.4589242746631386,-0.9589242746631385,1.0,0.6,-0.21633781453677375,0.28366218546322625,1.0,0,0,0,1.0,0,0,0,1.0,0,0,0,1.0,0,0,0,1.0,0,0,0,1.0,0,0,0,1.0,-0.1,0,0,1.0,0.1,0,0,1.0,-0.1,0.2596867089241521,-0.14031329107584795,1.0,0.1,0.02541732508368144,-0.3745826749163186,1.0,-0.1,0.5193734178483042,-0.2806265821516959,1.0,0.1,0.05083465016736288,-0.7491653498326372,1.0,0,0,0,1.0,0,0,0,1.0,0,0,0,1.0,0,0,0,1.0
51,1683,0,0,0,1.0,0,0,0,1.0,0,0,0,1.0,0,0,0,1.0,0,0,0,1.0,0,0,0,1.0,0,0,0,1.0,0,0,0,1.0,0,0,0,1.0,0,0,0,1.0,0,0,0,1.0,-0.2,-0.5,0,1.0,0.2,-0.5,0,1.0,-0.4,-0.9629073411638662,-0.4629073411638662,1.0,0.4,-0.3110111286435099,0.18898887135649012,1.0,-0.6,-1.4258146823277325,-0.9258146823277325,1.0,0.6,-0.12202225728701976,0.37797774271298024,1.0,0,0,0,1.0,0,0,0,1.0,0,0,0,1.0,0,0,0,1.0,0,0,0,1.0,0,0,0,1.0,-0.1,0,0,1.0,0.1,0,0,1.0,-0.1,0.23383095729150183,-0.1661690427084982,1.0,0.1,0.03614858905682211,-0.3638514109431779,1.0,-0.1,0.46766191458300366,-0.3323380854169964,1.0,0.1,0.07229717811364422,-0.7277028218863558,1.0,0,0,0,1.0,0,0,0,1.0,0,0,0,1.0,0,0,0,1.0
52,1716,0,0,0,1.0,0,0,0,1.0,0,0,0,1.0,0,0,0,1.0,0,0,0,1.0,0,0,0,1.0,0,0,0,1.0,0,0,0,1.0,0,0,0,1.0,0,0,0,1.0,0,0,0,1.0,-0.2,-0.5,0,1.0,0.2,-0.5,0,1.0,-0.4,-0.9417273278600766,-0.44172732786007657,1.0,0.4,-0.26574166434981145,0.23425833565018855,1.0,-0.6,-1.3834546557201532,-0.8834546557201531,1.0,0.6,-0.03148332869962289,0.4685166713003771,1.0,0,0,0,1.0,0,0,0,1.0,0,0,0,1.0,0,0,0,1.0,0,0,0,1.0,0,0,0,1.0,-0.1,0,0,1.0,0.1,0,0,1.0,-0.1,0.20878910154586303,-0.191210898454137,1.0,0.1,0.04866199705645036,-0.35133800294354967,1.0,-0.1,0.41757820309172605,-0.382421796908274,1.0,0.1,0.09732399411290071,-0.7026760058870993,1.0,0,0,0,1.0,0,0,0,1.0,0,0,0,1.0,0,0,0,1.0
53,1749,0,0,0,1.0,0,0,0,1.0,0,0,0,1.0,0,0,0,1.0,0,0,0,1.0,0,0,0,1.0,0,0,0,1.0,0,0,0,1.0,0,0,0,1.0,0,0,0,1.0,0,0,0,1.0,-0.2,-0.5,0,1.0,0.2,-0.5,0,1.0,-0.4,-0.9161337211119507,-0.4161337211119506,1.0,0.4,-0.22281283191041962,0.2771871680895804,1.0,-0.6,-1.3322674422239014,-0.8322674422239013,1.0,0.6,0.054374336179160765,0.5543743361791608,1.0,0,0,0,1.0,0,0,0,1.0,0,0,0,1.0,0,0,0,1.0,0,0,0,1.0,0,0,0,1.0,-0.1,0,0,1.0,0.1,0,0,1.0,-0.1,0.18468379668399312,-0.2153162033160069,1.0,0.1,0.06289625841652252,-0.3371037415834775,1.0,-0.1,0.36936759336798625,-0.4306324066320138,1.0,0.1,0.12579251683304504,-0.674207483166955,1.0,0,0,0,1.0,0,0,0,1.0,0,0,0,1.0,0,0,0,1.0
54,1782,0,0,0,1.0,0,0,0,1.0,0,0,0,1.0,0,0,0,1.0,0,0,0,1.0,0,0,0,1.0,0,0,0,1.0,0,0,0,1.0,0,0,0,1.0,0,0,0,1.0,0,0,0,1.0,-0.2,-0.5,0,1.0,0.2,-0.5,0,1.0,-0.4,-0.8863822437779936,-0.3863822437779936,1.0,0.4,-0.18265356202868266,0.31734643797131734,1.0,-0.6,-1.2727644875559871,-0.7727644875559871,1.0,0.6,0.13469287594263468,0.6346928759426347,1.0,0,0,0,1.0,0,0,0,1.0,0,0,0,1.0,0,0,0,1.0,0,0,0,1.0,0,0,0,1.0,-0.1,0,0,1.0,0.1,0,0,1.0,-0.1,0.16163311047689444,-0.23836688952310559,1.0,0.1,0.07878165373210766,-0.32121834626789236,1.0,-0.1,0.3232662209537889,-0.47673377904621117,1.0,0.1,0.15756330746421532,-0.6424366925357847,1.0,0,0,0,1.0,0,0,0,1.0,0,0,0,1.0,0,0,0,1.0
55,1815,0,0,0,1.0,0,0,0,1.0,0,0,0,1.0,0,0,0,1.0,0,0,0,1.0,0,0,0,1.0,0,0,0,1.0,0,0,0,1.0,0,0,0,1.0,0,0,0,1.0,0,0,0,1.0,-0.2,-0.5,0,1.0,0.2,-0.5,0,1.0,-0.4,-0.852770162785196,-0.35277016278519596,1.0,0.4,-0.14566511285437,0.35433488714563,1.0,-0.6,-1.205540325570392,-0.7055403255703919,1.0,0.6,0.20866977429126,0.70866977429126,1.0,0,0,0,1.0,0,0,0,1.0,0,0,0,1.0,0,0,0,1.0,0,0,0,1.0,0,0,0,1.0,-0.1,0,0,1.0,0.1,0,0,1.0,-0.1,0.1397499451739332,-0.26025005482606683,1.0,0.1,0.09624037634499671,-0.3037596236550033,1.0,-0.1,0.2794998903478664,-0.5205001096521337,1.0,0.1,0.19248075268999343,-0.6075192473100066,1.0,0,0,0,1.0,0,0,0,1.0,0,0,0,1.0,0,0,0,1.0
56,1848,0,0,0,1.0,0,0,0,1.0,0,0,0,1.0,0,0,0,1.0,0,0,0,1.0,0,0,0,1.0,0,0,0,1.0,0,0,0,1.0,0,0,0,1.0,0,0,0,1.0,0,0,0,1.0,-0.2,-0.5,0,1.0,0.2,-0.5,0,1.0,-0.4,-0.8156333189361609,-0.3156333189361608,1.0,0.4,-0.1122170607448752,0.3877829392551248,1.0,-0.6,-1.1312666378723217,-0.6312666378723216,1.0,0.6,0.2755658785102496,0.7755658785102496,1.0,0,0,0,1.0,0,0,0,1.0,0,0,0,1.0,0,0,0,1.0,0,0,0,1.0,0,0,0,1.0,-0.1,0,0,1.0,0.1,0,0,1.0,-0.1,0.11914148450767797,-0.28085851549232205,1.0,0.1,0.11518691344067583,-0.2848130865593242,1.0,-0.1,0.23828296901535595,-0.5617170309846441,1.0,0.1,0.23037382688135166,-0.5696261731186484,1.0,0,0,0,1.0,0,0,0,1.0,0,0,0,1.0,0,0,0,1.0
57,1881,0,0,0,1.0,0,0,0,1.0,0,0,0,1.0,0,0,0,1.0,0,0,0,1.0,0,0,0,1.0,0,0,0,1.0,0,0,0,1.0,0,0,0,1.0,0,0,0,1.0,0,0,0,1.0,-0.2,-0.5,0,1.0,0.2,-0.5,0,1.0,-0.4,-0.7753427712988188,-0.2753427712988188,1.0,0.4,-0.08264360758042011,0.4173563924195799,1.0,-0.6,-1.0506855425976376,-0.5506855425976376,1.0,0.6,0.3347127848391598,0.8347127848391598,1.0,0,0,0,1.0,0,0,0,1.0,0,0,0,1.0,0,0,0,1.0,0,0,0,1.0,0,0,0,1.0,-0.1,0,0,1.0,0.1,0,0,1.0,-0.1,0.0999086687080325,-0.3000913312919675,1.0,0.1,0.13552846489004788,-0.26447153510995214,1.0,-0.1,0.199817337416065,-0.600182662583935,1.0,0.1,0.27105692978009577,-0.5289430702199043,1.0,0,0,0,1.0,0,0,0,1.0,0,0,0,1.0,0,0,0,1.0
58,1914,0,0,0,1.0,0,0,0,1.0,0,0,0,1.0,0,0,0,1.0,0,0,0,1.0,0,0,0,1.0,0,0,0,1.0,0,0,0,1.0,0,0,0,1.0,0,0,0,1.0,0,0,0,1.0,-0.2,-0.5,0,1.0,0.2,-0.5,0,1.0,-0.4,-0.7323010897068787,-0.23230108970687868,1.0,0.4,-0.05724024152934054,0.44275975847065946,1.0,-0.6,-0.9646021794137574,-0.46460217941375737,1.0,0.6,0.3855195169413189,0.8855195169413189,1.0,0,0,0,1.0,0,0,0,1.0,0,0,0,1.0,0,0,0,1.0,0,0,0,1.0,0,0,0,1.0,-0.1,0,0,1.0,0.1,0,0,1.0,-0.1,0.08214570009704125,-0.31785429990295877,1.0,0.1,0.15716539778441796,-0.24283460221558206,1.0,-0.1,0.1642914001940825,-0.6357085998059175,1.0,0.1,0.3143307955688359,-0.4856692044311641,1.0,0,0,0,1.0,0,0,0,1.0,0,0,0,1.0,0,0,0,1.0
59,1947,0,0,0,1.0,0,0,0,1.0,0,0,0,1.0,0,0,0,1.0,0,0,0,1.0,0,0,0,1.0,0,0,0,1.0,0,0,0,1.0,0,0,0,1.0,0,0,0,1.0,0,0,0,1.0,-0.2,-0.5,0,1.0,0.2,-0.5,0,1.0,-0.4,-0.686938332415118,-0.186938332415118,1.0,0.4,-0.036260784627982046,0.46373921537201795,1.0,-0.6,-0.8738766648302361,-0.373876664830236,1.0,0.6,0.4274784307440359,0.9274784307440359,1.0,0,0,0,1.0,0,0,0,1.0,0,0,0,1.0,0,0,0,1.0,0,0,0,1.0,0,0,0,1.0,-0.1,0,0,1.0,0.1,0,0,1.0,-0.1,0.06593958168596259,-0.33406041831403743,1.0,0.1,0.17999173443742997,-0.22000826556257005,1.0,-0.1,0.13187916337192518,-0.6681208366280749,1.0,0.1,0.35998346887485994,-0.4400165311251401,1.0,0,0,0,1.0,0,0,0,1.0,0,0,0,1.0,0,0,0,1.0
60,1980,0,0,0,1.0,0,0,0,1.0,0,0,0,1.0,0,0,0,1.0,0,0,0,1.0,0,0,0,1.0,0,0,0,1.0,0,0,0,1.0,0,0,0,1.0,0,0,0,1.0,0,0,0,1.0,-0.2,-0.5,0,1.0,0.2,-0.5,0,1.0,-0.4,-0.6397077490994629,-0.13970774909946293,1.0,0.4,-0.019914856674817016,0.480085143325183,1.0,-0.6,-0.7794154981989259,-0.27941549819892586,1.0,0.6,0.46017028665036597,0.960170286650366,1.0,0,0,0,1.0,0,0,0,1.0,0,0,0,1.0,0,0,0,1.0,0,0,0,1.0,0,0,0,1.0,-0.1,0,0,1.0,0.1,0,0,1.0,-0.1,0.0513696910345649,-0.3486303089654351,1.0,0.1,0.20389567146371992,-0.1961043285362801,1.0,-0.1,0.1027393820691298,-0.6972606179308702,1.0,0.1,0.40779134292743985,-0.3922086570725602,1.0,0,0,0,1.0,0,0,0,1.0,0,0,0,1.0,0,0,0,1.0
61,2013,0,0,0,1.0,0,0,0,1.0,0,0,0,1.0,0,0,0,1.0,0,0,0,1.0,0,0,0,1.0,0,0,0,1.0,0,0,0,1.0,0,0,0,1.0,0,0,0,1.0,0,0,0,1.0,-0.2,-0.5,0,1.0,0.2,-0.5,0,1.0,-0.4,-0.5910812521360479,-0.09108125213604794,1.0,0.4,-0.008365780778707754,0.49163421922129225,1.0,-0.6,-0.6821625042720959,-0.18216250427209588,1.0,0.6,0.4832684384425845,0.9832684384425845,1.0,0,0,0,1.0,0,0,0,1.0,0,0,0,1.0,0,0,0,1.0,0,0,0,1.0,0,0,0,1.0,-0.1,0,0,1.0,0.1,0,0,1.0,-0.1,0.03850739145987786,-0.36149260854012216,1.0,0.1,0.22876012739184248,-0.17123987260815754,1.0,-0.1,0.07701478291975572,-0.7229852170802443,1.0,0.1,0.45752025478368497,-0.3424797452163151,1.0,0,0,0,1.0,0,0,0,1.0,0,0,0,1.0,0,0,0,1.0
62,2046,0,0,0,1.0,0,0,0,1.0,0,0,0,1.0,0,0,0,1.0,0,0,0,1.0,0,0,0,1.0,0,0,0,1.0,0,0,0,1.0,0,0,0,1.0,0,0,0,1.0,0,0,0,1.0,-0.2,-0.5,0,1.0,0.2,-0.5,0,1.0,-0.4,-0.5415447014087482,-0.0415447014087482,1.0,0.4,-0.0017289514883912505,0.49827104851160875,1.0,-0.6,-0.5830894028174964,-0.0830894028174964,1.0,0.6,0.4965420970232175,0.9965420970232175,1.0,0,0,0,1.0,0,0,0,1.0,0,0,0,1.0,0,0,0,1.0,0,0,0,1.0,0,0,0,1.0,-0.1,0,0,1.0,0.1,0,0,1.0,-0.1,0.027415682498702965,-0.37258431750129706,1.0,0.1,0.25446331612925666,-0.14553668387074337,1.0,-0.1,0.05483136499740593,-0.7451686350025941,1.0,0.1,0.5089266322585133,-0.29107336774148673,1.0,0,0,0,1.0,0,0,0,1.0,0,0,0,1.0,0,0,0,1.0
63,2079,0,0,0,1.0,0,0,0,1.0,0,0,0,1.0,0,0,0,1.0,0,0,0,1.0,0,0,0,1.0,0,0,0,1.0,0,0,0,1.0,0,0,0,1.0,0,0,0,1.0,0,0,0,1.0,-0.2,-0.5,0,1.0,0.2,-0.5,0,1.0,-0.4,-0.49159304975782514,0.008406950242174856,1.0,0.4,-7.068180829244985e-05,0.49992931819170755,1.0,-0.6,-0.4831860995156503,0.016813900484349713,1.0,0.6,0.4998586363834151,0.9998586363834151,1.0,0,0,0,1.0,0,0,0,1.0,0,0,0,1.0,0,0,0,1.0,0,0,0,1.0,0,0,0,1.0,-0.1,0,0,1.0,0.1,0,0,1.0,-0.1,0.018148891335913575,-0.38185110866408645,1.0,0.1,0.28087934347054644,-0.11912065652945357,1.0,-0.1,0.03629778267182715,-0.7637022173281729,1.0,0.1,0.5617586869410929,-0.23824131305890714,1.0,0,0,0,1.0,0,0,0,1.0,0,0,0,1.0,0,0,0,1.0
64,2112,0,0,0,1.0,0,0,0,1.0,0,0,0,1.0,0,0,0,1.0,0,0,0,1.0,0,0,0,1.0,0,0,0,1.0,0,0,0,1.0,0,0,0,1.0,0,0,0,1.0,0,0,0,1.0,-0.2,-0.5,0,1.0,0.2,-0.5,0,1.0,-0.4,-0.44172539757475315,0.05827460242524682,1.0,0.4,-0.003407540620903704,0.4965924593790963,1.0,-0.6,-0.38345079514950636,0.11654920485049364,1.0,0.6,0.4931849187581926,0.9931849187581926,1.0,0,0,0,1.0,0,0,0,1.0,0,0,0,1.0,0,0,0,1.0,0,0,0,1.0,0,0,0,1.0,-0.1,0,0,1.0,0.1,0,0,1.0,-0.1,0.010752406709930551,-0.38924759329006947,1.0,0.1,0.30787882372717623,-0.09212117627282382,1.0,-0.1,0.021504813419861102,-0.7784951865801389,1.0,0.1,0.6157576474543525,-0.18424235254564764,1.0,0,0,0,1.0,0,0,0,1.0,0,0,0,1.0,0,0,0,1.0
65,2145,0,0,0,1.0,0,0,0,1.0,0,0,0,1.0,0,0,0,1.0,0,0,0,1.0,0,0,0,1.0,0,0,0,1.0,0,0,0,1.0,0,0,0,1.0,0,0,0,1.0,0,0,0,1.0,-0.2,-0.5,0,1.0,0.2,-0.5,0,1.0,-0.4,-0.39244000595609224,0.10755999404390776,1.0,0.4,-0.011706187135988255,0.48829381286401174,1.0,-0.6,-0.2848800119121845,0.21511998808781552,1.0,0.6,0.4765876257280235,0.9765876257280235,1.0,0,0,0,1.0,0,0,0,1.0,0,0,0,1.0,0,0,0,1.0,0,0,0,1.0,0,0,0,1.0,-0.1,0,0,1.0,0.1,0,0,1.0,-0.1,0.0052624565987053895,-0.39473754340129463,1.0,0.1,0.3353295134585254,-0.0646704865414746,1.0,-0.1,0.010524913197410779,-0.7894750868025893,1.0,0.1,0.6706590269170508,-0.1293409730829492,1.0,0,0,0,1.0,0,0,0,1.0,0,0,0,1.0,0,0,0,1.0
66,2178,0,0,0,1.0,0,0,0,1.0,0,0,0,1.0,0,0,0,1.0,0,0,0,1.0,0,0,0,1.0,0,0,0,1.0,0,0,0,1.0,0,0,0,1.0,0,0,0,1.0,0,0,0,1.0,-0.2,-0.5,0,1.0,0.2,-0.5,0,1.0,-0.4,-0.34422931824331104,0.15577068175668893,1.0,0.4,-0.024883704020735198,0.4751162959792648,1.0,-0.6,-0.18845863648662214,0.31154136351337786,1.0,0.6,0.4502325919585296,0.9502325919585296,1.0,0,0,0,1.0,0,0,0,1.0,0,0,0,1.0,0,0,0,1.0,0,0,0,1.0,0,0,0,1.0,-0.1,0,0,1.0,0.1,0,0,1.0,-0.1,0.0017059307751018937,-0.39829406922489813,1.0,0.1,0.363096959200195,-0.03690304079980502,1.0,-0.1,0.0034118615502037875,-0.7965881384497963,1.0,0.1,0.72619391840039,-0.07380608159961004,1.0,0,0,0,1.0,0,0,0,1.0,0,0,0,1.0,0,0,0,1.0
67,2211,0,0,0,1.0,0,0,0,1.0,0,0,0,1.0,0,0,0,1.0,0,0,0,1.0,0,0,0,1.0,0,0,0,1.0,0,0,0,1.0,0,0,0,1.0,0,0,0,1.0,0,0,0,1.0,-0.2,-0.5,0,1.0,0.2,-0.5,0,1.0,-0.4,-0.29757503969170085,0.20242496030829915,1.0,0.4,-0.042808425882340295,0.4571915741176597,1.0,-0.6,-0.0951500793834017,0.4048499206165983,1.0,0.6,0.4143831482353194,0.9143831482353194,1.0,0,0,0,1.0,0,0,0,1.0,0,0,0,1.0,0,0,0,1.0,0,0,0,1.0,0,0,0,1.0,-0.1,0,0,1.0,0.1,0,0,1.0,-0.1,0.00010024910080241867,-0.3998997508991976,1.0,0.1,0.3910451560170088,-0.008954843982991212,1.0,-0.1,0.00020049820160483733,-0.7997995017983952,1.0,0.1,0.7820903120340176,-0.017909687965982423,1.0,0,0,0,1.0,0,0,0,1.0,0,0,0,1.0,0,0,0,1.0
68,2244,0,0,0,1.0,0,0,0,1.0,0,0,0,1.0,0,0,0,1.0,0,0,0,1.0,0,0,0,1.0,0,0,0,1.0,0,0,0,1.0,0,0,0,1.0,0,0,0,1.0,0,0,0,1.0,-0.2,-0.5,0,1.0,0.2,-0.5,0,1.0,-0.4,-0.2529433244306959,0.24705667556930408,1.0,0.4,-0.06530125482508736,0.43469874517491264,1.0,-0.6,-0.005886648861391841,0.49411335113860816,1.0,0.6,0.3693974903498253,0.8693974903498253,1.0,0,0,0,1.0,0,0,0,1.0,0,0,0,1.0,0,0,0,1.0,0,0,0,1.0,0,0,0,1.0,-0.1,0,0,1.0,0.1,0,0,1.0,-0.1,0.00045327620383434075,-0.3995467237961657,1.0,0.1,0.41903721365511515,0.019037213655115126,1.0,-0.1,0.0009065524076686815,-0.7990934475923314,1.0,0.1,0.8380744273102303,0.03807442731023025,1.0,0,0,0,1.0,0,0,0,1.0,0,0,0,1.0,0,0,0,1.0
69,2277,0,0,0,1.0,0,0,0,1.0,0,0,0,1.0,0,0,0,1.0,0,0,0,1.0,0,0,0,1.0,0,0,0,1.0,0,0,0,1.0,0,0,0,1.0,0,0,0,1.0,0,0,0,1.0,-0.2,-0.5,0,1.0,0.2,-0.5,0,1.0,-0.4,-0.21078011780589995,0.28921988219410005,1.0,0.4,-0.09213744993732159,0.4078625500626784,1.0,-0.6,0.0784397643882001,0.5784397643882001,1.0,0.6,0.3157251001253568,0.8157251001253568,1.0,0,0,0,1.0,0,0,0,1.0,0,0,0,1.0,0,0,0,1.0,0,0,0,1.0,0,0,0,1.0,-0.1,0,0,1.0,0.1,0,0,1.0,-0.1,0.0027632829576258455,-0.3972367170423742,1.0,0.1,0.4469360270303822,0.04693602703038219,1.0,-0.1,0.005526565915251691,-0.7944734340847484,1.0,0.1,0.8938720540607644,0.09387205406076438,1.0,0,0,0,1.0,0,0,0,1.0,0,0,0,1.0,0,0,0,1.0
70,2310,0,0,0,1.0,0,0,0,1.0,0,0,0,1.0,0,0,0,1.0,0,0,0,1.0,0,0,0,1.0,0,0,0,1.0,0,0,0,1.0,0,0,0,1.0,0,0,0,1.0,0,0,0,1.0,-0.2,-0.5,0,1.0,0.2,-0.5,0,1.0,-0.4,-0.17150670064060547,0.32849329935939453,1.0,0.4,-0.1230488728283477,0.3769511271716523,1.0,-0.6,0.15698659871878906,0.6569865987187891,1.0,0.6,0.2539022543433046,0.7539022543433046,1.0,0,0,0,1.0,0,0,0,1.0,0,0,0,1.0,0,0,0,1.0,0,0,0,1.0,0,0,0,1.0,-0.1,0,0,1.0,0.1,0,0,1.0,-0.1,0.007018954950266942,-0.3929810450497331,1.0,0.1,0.47460494776902995,0.07460494776902996,1.0,-0.1,0.014037909900533885,-0.7859620900994662,1.0,0.1,0.9492098955380599,0.1492098955380599,1.0,0,0,0,1.0,0,0,0,1.0,0,0,0,1.0,0,0,0,1.0
71,2343,0,0,0,1.0,0,0,0,1.0,0,0,0,1.0,0,0,0,1.0,0,0,0,1.0,0,0,0,1.0,0,0,0,1.0,0,0,0,1.0,0,0,0,1.0,0,0,0,1.0,0,0,0,1.0,-0.2,-0.5,0,1.0,0.2,-0.5,0,1.0,-0.4,-0.13551547993706203,0.36448452006293797,1.0,0.4,-0.1577266667785967,0.3422733332214033,1.0,-0.6,0.22896904012587593,0.7289690401258759,1.0,0.6,0.1845466664428066,0.6845466664428066,1.0,0,0,0,1.0,0,0,0,1.0,0,0,0,1.0,0,0,0,1.0,0,0,0,1.0,0,0,0,1.0,-0.1,0,0,1.0,0.1,0,0,1.0,-0.1,0.01319944790249361,-0.3868005520975064,1.0,0.1,0.5019084535112972,0.10190845351129718,1.0,-0.1,0.02639889580498722,-0.7736011041950128,1.0,0.1,1.0038169070225944,0.20381690702259436,1.0,0,0,0,1.0,0,0,0,1.0,0,0,0,1.0,0,0,0,1.0
72,2376,0,0,0,1.0,0,0,0,1.0,0,0,0,1.0,0,0,0,1.0,0,0,0,1.0,0,0,0,1.0,0,0,0,1.0,0,0,0,1.0,0,0,0,1.0,0,0,0,1.0,0,0,0,1.0,-0.2,-0.5,0,1.0,0.2,-0.5,0,1.0,-0.4,-0.10316606807542344,0.39683393192457656,1.0,0.4,-0.19582434273387272,0.3041756572661273,1.0,-0.6,0.2936678638491531,0.7936678638491531,1.0,0.6,0.10835131453225455,0.6083513145322546,1.0,0,0,0,1.0,0,0,0,1.0,0,0,0,1.0,0,0,0,1.0,0,0,0,1.0,0,0,0,1.0,-0.1,0,0,1.0,0.1,0,0,1.0,-0.1,0.021274489762956428,-0.3787255102370436,1.0,0.1,0.5287128116998887,0.12871281169988874,1.0,-0.1,0.042548979525912856,-0.7574510204740872,1.0,0.1,1.0574256233997774,0.2574256233997775,1.0,0,0,0,1.0,0,0,0,1.0,0,0,0,1.0,0,0,0,1.0
73,2409,0,0,0,1.0,0,0,0,1.0,0,0,0,1.0,0,0,0,1.0,0,0,0,1.0,0,0,0,1.0,0,0,0,1.0,0,0,0,1.0,0,0,0,1.0,0,0,0,1.0,0,0,0,1.0,-0.2,-0.5,0,1.0,0.2,-0.5,0,1.0,-0.4,-0.0747816896857178,0.4252183103142822,1.0,0.4,-0.23696124130944735,0.26303875869055265,1.0,-0.6,0.3504366206285644,0.8504366206285644,1.0,0.6,0.02607751738110531,0.5260775173811053,1.0,0,0,0,1.0,0,0,0,1.0,0,0,0,1.0,0,0,0,1.0,0,0,0,1.0,0,0,0,1.0,-0.1,0,0,1.0,0.1,0,0,1.0,-0.1,0.031204528980713353,-0.36879547101928667,1.0,0.1,0.5548867346019746,0.15488673460197455,1.0,-0.1,0.062409057961426706,-0.7375909420385733,1.0,0.1,1.1097734692039491,0.3097734692039491,1.0,0,0,0,1.0,0,0,0,1.0,0,0,0,1.0,0,0,0,1.0
74,2442,0,0,0,1.0,0,0,0,1.0,0,0,0,1.0,0,0,0,1.0,0,0,0,1.0,0,0,0,1.0,0,0,0,1.0,0,0,0,1.0,0,0,0,1.0,0,0,0,1.0,0,0,0,1.0,-0.2,-0.5,0,1.0,0.2,-0.5,0,1.0,-0.4,-0.05064595209418654,0.44935404790581346,1.0,0.4,-0.28072633621280485,0.21927366378719518,1.0,-0.6,0.3987080958116269,0.8987080958116269,1.0,0.6,-0.061452672425609645,0.43854732757439036,1.0,0,0,0,1.0,0,0,0,1.0,0,0,0,1.0,0,0,0,1.0,0,0,0,1.0,0,0,0,1.0,-0.1,0,0,1.0,0.1,0,0,1.0,-0.1,0.042940928228706154,-0.35705907177129387,1.0,0.1,0.5803020223564396,0.18030202235643952,1.0,-0.1,0.08588185645741231,-0.7141181435425877,1.0,0.1,1.1606040447128791,0.36060404471287905,1.0,0,0,0,1.0,0,0,0,1.0,0,0,0,1.0,0,0,0,1.0
75,2475,0,0,0,1.0,0,0,0,1.0,0,0,0,1.0,0,0,0,1.0,0,0,0,1.0,0,0,0,1.0,0,0,0,1.0,0,0,0,1.0,0,0,0,1.0,0,0,0,1.0,0,0,0,1.0,-0.2,-0.5,0,1.0,0.2,-0.5,0,1.0,-0.4,-0.03100001161263055,0.46899998838736945,1.0,0.4,-0.32668234108248706,0.1733176589175129,1.0,-0.6,0.4379999767747389,0.9379999767747389,1.0,0.6,-0.15336468216497418,0.3466353178350258,1.0,0,0,0,1.0,0,0,0,1.0,0,0,0,1.0,0,0,0,1.0,0,0,0,1.0,0,0,0,1.0,-0.1,0,0,1.0,0.1,0,0,1.0,-0.1,0.05642620262936321,-0.3435737973706368,1.0,0.1,0.6048341908967363,0.2048341908967363,1.0,-0.1,0.11285240525872642,-0.6871475947412736,1.0,0.1,1.2096683817934726,0.4096683817934726,1.0,0,0,0,1.0,0,0,0,1.0,0,0,0,1.0,0,0,0,1.0
76,2508,0,0,0,1.0,0,0,0,1.0,0,0,0,1.0,0,0,0,1.0,0,0,0,1.0,0,0,0,1.0,0,0,0,1.0,0,0,0,1.0,0,0,0,1.0,0,0,0,1.0,0,0,0,1.0,-0.2,-0.5,0,1.0,0.2,-0.5,0,1.0,-0.4,-0.01604016398425684,0.48395983601574316,1.0,0.4,-0.3743700787088722,0.12562992129112785,1.0,-0.6,0.4679196720314863,0.9679196720314863,1.0,0.6,-0.2487401574177443,0.2512598425822557,1.0,0,0,0,1.0,0,0,0,1.0,0,0,0,1.0,0,0,0,1.0,0,0,0,1.0,0,0,0,1.0,-0.1,0,0,1.0,0.1,0,0,1.0,-0.1,0.07159430131550099,-0.32840569868449904,1.0,0.1,0.6283630816737812,0.22836308167378117,1.0,-0.1,0.14318860263100197,-0.6568113973689981,1.0,0.1,1.2567261633475624,0.45672616334756233,1.0,0,0,0,1.0,0,0,0,1.0,0,0,0,1.0,0,0,0,1.0
77,2541,0,0,0,1.0,0,0,0,1.0,0,0,0,1.0,0,0,0,1.0,0,0,0,1.0,0,0,0,1.0,0,0,0,1.0,0,0,0,1.0,0,0,0,1.0,0,0,0,1.0,0,0,0,1.0,-0.2,-0.5,0,1.0,0.2,-0.5,0,1.0,-0.4,-0.005915883061499816,0.4940841169385002,1.0,0.4,-0.4233130689810678,0.07668693101893218,1.0,-0.6,0.48816823387700037,0.9881682338770004,1.0,0.6,-0.34662613796213565,0.15337386203786435,1.0,0,0,0,1.0,0,0,0,1.0,0,0,0,1.0,0,0,0,1.0,0,0,0,1.0,0,0,0,1.0,-0.1,0,0,1.0,0.1,0,0,1.0,-0.1,0.08837093094743875,-0.31162906905256127,1.0,0.1,0.6507734501924676,0.2507734501924676,1.0,-0.1,0.1767418618948775,-0.6232581381051225,1.0,0.1,1.3015469003849351,0.5015469003849352,1.0,0,0,0,1.0,0,0,0,1.0,0,0,0,1.0,0,0,0,1.0
78,2574,0,0,0,1.0,0,0,0,1.0,0,0,0,1.0,0,0,0,1.0,0,0,0,1.0,0,0,0,1.0,0,0,0,1.0,0,0,0,1.0,0,0,0,1.0,0,0,0,1.0,0,0,0,1.0,-0.2,-0.5,0,1.0,0.2,-0.5,0,1.0,-0.4,-0.0007283273126975076,0.4992716726873025,1.0,0.4,-0.4730222897186751,0.026977710281324875,1.0,-0.6,0.498543345374605,0.998543345374605,1.0,0.6,-0.44604457943735026,0.05395542056264975,1.0,0,0,0,1.0,0,0,0,1.0,0,0,0,1.0,0,0,0,1.0,0,0,0,1.0,0,0,0,1.0,-0.1,0,0,1.0,0.1,0,0,1.0,-0.1,0.10667391960173739,-0.29332608039826263,1.0,0.1,0.6719555304791429,0.27195553047914284,1.0,-0.1,0.21334783920347478,-0.5866521607965253,1.0,0.1,1.3439110609582858,0.5439110609582857,1.0,0,0,0,1.0,0,0,0,1.0,0,0,0,1.0,0,0,0,1.0
79,2607,0,0,0,1.0,0,0,0,1.0,0,0,0,1.0,0,0,0,1.0,0,0,0,1.0,0,0,0,1.0,0,0,0,1.0,0,0,0,1.0,0,0,0,1.0,0,0,0,1.0,0,0,0,1.0,-0.2,-0.5,0,1.0,0.2,-0.5,0,1.0,-0.4,-0.0005293290801139938,0.499470670919886,1.0,0.4,-0.5230010628197684,-0.023001062819768475,1.0,-0.6,0.498941341839772,0.998941341839772,1.0,0.6,-0.546002125639537,-0.04600212563953695,1.0,0,0,0,1.0,0,0,0,1.0,0,0,0,1.0,0,0,0,1.0,0,0,0,1.0,0,0,0,1.0,-0.1,0,0,1.0,0.1,0,0,1.0,-0.1,0.12641361924923972,-0.2735863807507603,1.0,0.1,0.6918055727152927,0.2918055727152928,1.0,-0.1,0.25282723849847943,-0.5471727615015206,1.0,0.1,1.3836111454305855,0.5836111454305856,1.0,0,0,0,1.0,0,0,0,1.0,0,0,0,1.0,0,0,0,1.0
80,2640,0,0,0,1.0,0,0,0,1.0,0,0,0,1.0,0,0,0,1.0,0,0,0,1.0,0,0,0,1.0,0,0,0,1.0,0,0,0,1.0,0,0,0,1.0,0,0,0,1.0,0,0,0,1.0,-0.2,-0.5,0,1.0,0.2,-0.5,0,1.0,-0.4,-0.005320876688309106,0.4946791233116909,1.0,0.4,-0.5727500169043067,-0.07275001690430677,1.0,-0.6,0.4893582466233818,0.9893582466233818,1.0,0.6,-0.6455000338086135,-0.14550003380861354,1.0,0,0,0,1.0,0,0,0,1.0,0,0,0,1.0,0,0,0,1.0,0,0,0,1.0,0,0,0,1.0,-0.1,0,0,1.0,0.1,0,0,1.0,-0.1,0.14749334485107135,-0.25250665514892867,1.0,0.1,0.7102263514040998,0.3102263514040999,1.0,-0.1,0.2949866897021427,-0.5050133102978573,1.0,0.1,1.4204527028081997,0.6204527028081998,1.0,0,0,0,1.0,0,0,0,1.0,0,0,0,1.0,0,0,0,1.0
81,2673,0,0,0,1.0,0,0,0,1.0,0,0,0,1.0,0,0,0,1.0,0,0,0,1.0,0,0,0,1.0,0,0,0,1.0,0,0,0,1.0,0,0,0,1.0,0,0,0,1.0,0,0,0,1.0,-0.2,-0.5,0,1.0,0.2,-0.5,0,1.0,-0.4,-0.015055094577456851,0.48494490542254315,1.0,0.4,-0.6217720768678956,-0.12177207686789555,1.0,-0.6,0.4698898108450863,0.9698898108450863,1.0,0.6,-0.7435441537357911,-0.2435441537357911,1.0,0,0,0,1.0,0,0,0,1.0,0,0,0,1.0,0,0,0,1.0,0,0,0,1.0,0,0,0,1.0,-0.1,0,0,1.0,0.1,0,0,1.0,-0.1,0.1698098479219129,-0.23019015207808713,1.0,0.1,0.7271276415808776,0.32712764158087765,1.0,-0.1,0.3396196958438258,-0.46038030415617426,1.0,0.1,1.4542552831617552,0.6542552831617553,1.0,0,0,0,1.0,0,0,0,1.0,0,0,0,1.0,0,0,0,1.0
82,2706,0,0,0,1.0,0,0,0,1.0,0,0,0,1.0,0,0,0,1.0,0,0,0,1.0,0,0,0,1.0,0,0,0,1.0,0,0,0,1.0,0,0,0,1.0,0,0,0,1.0,0,0,0,1.0,-0.2,-0.5,0,1.0,0.2,-0.5,0,1.0,-0.4,-0.02963472166011344,0.47036527833988656,1.0,0.4,-0.6695774304919173,-0.16957743049191726,1.0,-0.6,0.4407305566797731,0.9407305566797731,1.0,0.6,-0.8391548609838345,-0.3391548609838345,1.0,0,0,0,1.0,0,0,0,1.0,0,0,0,1.0,0,0,0,1.0,0,0,0,1.0,0,0,0,1.0,-0.1,0,0,1.0,0.1,0,0,1.0,-0.1,0.1932538222410282,-0.20674617775897183,1.0,0.1,0.7424266607349019,0.34242666073490197,1.0,-0.1,0.3865076444820564,-0.41349235551794367,1.0,0.1,1.4848533214698039,0.6848533214698039,1.0,0,0,0,1.0,0,0,0,1.0,0,0,0,1.0,0,0,0,1.0
83,2739,0,0,0,1.0,0,0,0,1.0,0,0,0,1.0,0,0,0,1.0,0,0,0,1.0,0,0,0,1.0,0,0,0,1.0,0,0,0,1.0,0,0,0,1.0,0,0,0,1.0,0,0,0,1.0,-0.2,-0.5,0,1.0,0.2,-0.5,0,1.0,-0.4,-0.04891408312185336,0.45108591687814664,1.0,0.4,-0.7156884224853104,-0.2156884224853104,1.0,-0.6,0.4021718337562933,0.9021718337562933,1.0,0.6,-0.9313768449706208,-0.4313768449706208,1.0,0,0,0,1.0,0,0,0,1.0,0,0,0,1.0,0,0,0,1.0,0,0,0,1.0,0,0,0,1.0,-0.1,0,0,1.0,0.1,0,0,1.0,-0.1,0.21771043923407812,-0.1822895607659219,1.0,0.1,0.7560484742781063,0.35604847427810626,1.0,-0.1,0.43542087846815625,-0.3645791215318438,1.0,0.1,1.5120969485562126,0.7120969485562125,1.0,0,0,0,1.0,0,0,0,1.0,0,0,0,1.0,0,0,0,1.0
84,2772,0,0,0,1.0,0,0,0,1.0,0,0,0,1.0,0,0,0,1.0,0,0,0,1.0,0,0,0,1.0,0,0,0,1.0,0,0,0,1.0,0,0,0,1.0,0,0,0,1.0,0,0,0,1.0,-0.2,-0.5,0,1.0,0.2,-0.5,0,1.0,-0.4,-0.07270054595585979,0.4272994540441402,1.0,0.4,-0.7596443270583428,-0.2596443270583428,1.0,-0.6,0.35459890808828043,0.8545989080882804,1.0,0.6,-1.0192886541166857,-0.5192886541166856,1.0,0,0,0,1.0,0,0,0,1.0,0,0,0,1.0,0,0,0,1.0,0,0,0,1.0,0,0,0,1.0,-0.1,0,0,1.0,0.1,0,0,1.0,-0.1,0.24305991040341846,-0.15694008959658157,1.0,0.1,0.7679263625746557,0.36792636257465566,1.0,-0.1,0.4861198208068369,-0.31388017919316313,1.0,0.1,1.5358527251493115,0.7358527251493113,1.0,0,0,0,1.0,0,0,0,1.0,0,0,0,1.0,0,0,0,1.0
85,2805,0,0,0,1.0,0,0,0,1.0,0,0,0,1.0,0,0,0,1.0,0,0,0,1.0,0,0,0,1.0,0,0,0,1.0,0,0,0,1.0,0,0,0,1.0,0,0,0,1.0,0,0,0,1.0,-0.2,-0.5,0,1.0,0.2,-0.5,0,1.0,-0.4,-0.10075644368825487,0.39924355631174513,1.0,0.4,-0.8010059513424118,-0.3010059513424118,1.0,-0.6,0.29848711262349026,0.7984871126234903,1.0,0.6,-1.1020119026848236,-0.6020119026848236,1.0,0,0,0,1.0,0,0,0,1.0,0,0,0,1.0,0,0,0,1.0,0,0,0,1.0,0,0,0,1.0,-0.1,0,0,1.0,0.1,0,0,1.0,-0.1,0.2691780740521034,-0.1308219259478966,1.0,0.1,0.7780021477336909,0.3780021477336909,1.0,-0.1,0.5383561481042068,-0.2616438518957932,1.0,0.1,1.5560042954673818,0.7560042954673818,1.0,0,0,0,1.0,0,0,0,1.0,0,0,0,1.0,0,0,0,1.0
86,2838,0,0,0,1.0,0,0,0,1.0,0,0,0,1.0,0,0,0,1.0,0,0,0,1.0,0,0,0,1.0,0,0,0,1.0,0,0,0,1.0,0,0,0,1.0,0,0,0,1.0,0,0,0,1.0,-0.2,-0.5,0,1.0,0.2,-0.5,0,1.0,-0.4,-0.13280145106294333,0.36719854893705667,1.0,0.4,-0.8393600236600063,-0.3393600236600062,1.0,-0.6,0.23439709787411334,0.7343970978741133,1.0,0.6,-1.1787200473200126,-0.6787200473200125,1.0,0,0,0,1.0,0,0,0,1.0,0,0,0,1.0,0,0,0,1.0,0,0,0,1.0,0,0,0,1.0,-0.1,0,0,1.0,0.1,0,0,1.0,-0.1,0.2959370034278125,-0.10406299657218757,1.0,0.1,0.7862264785646071,0.38622647856460707,1.0,-0.1,0.591874006855625,-0.20812599314437513,1.0,0.1,1.5724529571292143,0.7724529571292141,1.0,0,0,0,1.0,0,0,0,1.0,0,0,0,1.0,0,0,0,1.0
87,2871,0,0,0,1.0,0,0,0,1.0,0,0,0,1.0,0,0,0,1.0,0,0,0,1.0,0,0,0,1.0,0,0,0,1.0,0,0,0,1.0,0,0,0,1.0,0,0,0,1.0,0,0,0,1.0,-0.2,-0.5,0,1.0,0.2,-0.5,0,1.0,-0.4,-0.16851538495890833,0.33148461504109167,1.0,0.4,-0.8743233227986993,-0.37432332279869934,1.0,-0.6,0.16296923008218334,0.6629692300821833,1.0,0.6,-1.2486466455973986,-0.7486466455973987,1.0,0,0,0,1.0,0,0,0,1.0,0,0,0,1.0,0,0,0,1.0,0,0,0,1.0,0,0,0,1.0,-0.1,0,0,1.0,0.1,0,0,1.0,-0.1,0.32320563330801766,-0.07679436669198236,1.0,0.1,0.7925590722991603,0.3925590722991603,1.0,-0.1,0.6464112666160353,-0.15358873338396473,1.0,0.1,1.5851181445983207,0.7851181445983206,1.0,0,0,0,1.0,0,0,0,1.0,0,0,0,1.0,0,0,0,1.0
88,2904,0,0,0,1.0,0,0,0,1.0,0,0,0,1.0,0,0,0,1.0,0,0,0,1.0,0,0,0,1.0,0,0,0,1.0,0,0,0,1.0,0,0,0,1.0,0,0,0,1.0,0,0,0,1.0,-0.2,-0.5,0,1.0,0.2,-0.5,0,1.0,-0.4,-0.20754140355411915,0.29245859644588085,1.0,0.4,-0.905546507030828,-0.405546507030828,1.0,-0.6,0.0849171928917617,0.5849171928917617,1.0,0.6,-1.311093014061656,-0.811093014061656,1.0,0,0,0,1.0,0,0,0,1.0,0,0,0,1.0,0,0,0,1.0,0,0,0,1.0,0,0,0,1.0,-0.1,0,0,1.0,0.1,0,0,1.0,-0.1,0.35085040195738,-0.04914959804262002,1.0,0.1,0.7969689118964468,0.3969689118964468,1.0,-0.1,0.70170080391476,-0.09829919608524004,1.0,0.1,1.5939378237928936,0.7939378237928936,1.0,0,0,0,1.0,0,0,0,1.0,0,0,0,1.0,0,0,0,1.0
89,2937,0,0,0,1.0,0,0,0,1.0,0,0,0,1.0,0,0,0,1.0,0,0,0,1.0,0,0,0,1.0,0,0,0,1.0,0,0,0,1.0,0,0,0,1.0,0,0,0,1.0,0,0,0,1.0,-0.2,-0.5,0,1.0,0.2,-0.5,0,1.0,-0.4,-0.24948957177105768,0.2505104282289423,1.0,0.4,-0.9327176046205561,-0.43271760462055614,1.0,-0.6,0.0010208564578846335,0.5010208564578846,1.0,0.6,-1.3654352092411122,-0.8654352092411123,1.0,0,0,0,1.0,0,0,0,1.0,0,0,0,1.0,0,0,0,1.0,0,0,0,1.0,0,0,0,1.0,-0.1,0,0,1.0,0.1,0,0,1.0,-0.1,0.37873590531305723,-0.021264094686942805,1.0,0.1,0.7994343979643526,0.39943439796435254,1.0,-0.1,0.7574718106261145,-0.04252818937388561,1.0,0.1,1.5988687959287051,0.7988687959287051,1.0,0,0,0,1.0,0,0,0,1.0,0,0,0,1.0,0,0,0,1.0
90,2970,0,0,0,1.0,0,0,0,1.0,0,0,0,1.0,0,0,0,1.0,0,0,0,1.0,0,0,0,1.0,0,0,0,1.0,0,0,0,1.0,0,0,0,1.0,0,0,0,1.0,0,0,0,1.0,-0.2,-0.5,0,1.0,0.2,-0.5,0,1.0,-0.4,-0.29394075737912173,0.2060592426208783,1.0,0.4,-0.9555651309423385,-0.45556513094233847,1.0,-0.6,-0.0878815147582434,0.4121184852417566,1.0,0.6,-1.411130261884677,-0.9111302618846769,1.0,0,0,0,1.0,0,0,0,1.0,0,0,0,1.0,0,0,0,1.0,0,0,0,1.0,0,0,0,1.0,-0.1,0,0,1.0,0.1,0,0,1.0,-0.1,0.4067255601937399,0.0067255601937398855,1.0,0.1,0.7999434545533661,0.39994345455336605,1.0,-0.1,0.8134511203874798,0.013451120387479771,1.0,0.1,1.5998869091067323,0.7998869091067321,1.0,0,0,0,1.0,0,0,0,1.0,0,0,0,1.0,0,0,0,1.0
91,3003,0,0,0,1.0,0,0,0,1.0,0,0,0,1.0,0,0,0,1.0,0,0,0,1.0,0,0,0,1.0,0,0,0,1.0,0,0,0,1.0,0,0,0,1.0,0,0,0,1.0,0,0,0,1.0,-0.2,-0.5,0,1.0,0.2,-0.5,0,1.0,-0.4,-0.3404508188253239,0.15954918117467606,1.0,0.4,-0.973860801065556,-0.47386080106555595,1.0,-0.6,-0.18090163765064787,0.3190983623493521,1.0,0.6,-1.447721602131112,-0.9477216021311119,1.0,0,0,0,1.0,0,0,0,1.0,0,0,0,1.0,0,0,0,1.0,0,0,0,1.0,0,0,0,1.0,-0.1,0,0,1.0,0.1,0,0,1.0,-0.1,0.4346822732840002,0.03468227328400018,1.0,0.1,0.7984935883045723,0.39849358830457227,1.0,-0.1,0.8693645465680004,0.06936454656800035,1.0,0.1,1.5969871766091446,0.7969871766091445,1.0,0,0,0,1.0,0,0,0,1.0,0,0,0,1.0,0,0,0,1.0
92,3036,0,0,0,1.0,0,0,0,1.0,0,0,0,1.0,0,0,0,1.0,0,0,0,1.0,0,0,0,1.0,0,0,0,1.0,0,0,0,1.0,0,0,0,1.0,0,0,0,1.0,0,0,0,1.0,-0.2,-0.5,0,1.0,0.2,-0.5,0,1.0,-0.4,-0.3885550429498762,0.11144495705012382,1.0,0.4,-0.9874218107020818,-0.4874218107020818,1.0,-0.6,-0.2771100858997524,0.22288991410024764,1.0,0.6,-1.4748436214041636,-0.9748436214041636,1.0,0,0,0,1.0,0,0,0,1.0,0,0,0,1.0,0,0,0,1.0,0,0,0,1.0,0,0,0,1.0,-0.1,0,0,1.0,0.1,0,0,1.0,-0.1,0.46246911261728446,0.06246911261728442,1.0,0.1,0.7950919006621233,0.39509190066212324,1.0,-0.1,0.9249382252345689,0.12493822523456884,1.0,0.1,1.5901838013242466,0.7901838013242465,1.0,0,0,0,1.0,0,0,0,1.0,0,0,0,1.0,0,0,0,1.0
93,3069,0,0,0,1.0,0,0,0,1.0,0,0,0,1.0,0,0,0,1.0,0,0,0,1.0,0,0,0,1.0,0,0,0,1.0,0,0,0,1.0,0,0,0,1.0,0,0,0,1.0,0,0,0,1.0,-0.2,-0.5,0,1.0,0.2,-0.5,0,1.0,-0.4,-0.43777278824646915,0.06222721175353085,1.0,0.4,-0.9961126627263017,-0.4961126627263017,1.0,-0.6,-0.3755455764929383,0.1244544235070617,1.0,0.6,-1.4922253254526034,-0.9922253254526034,1.0,0,0,0,1.0,0,0,0,1.0,0,0,0,1.0,0,0,0,1.0,0,0,0,1.0,0,0,0,1.0,-0.1,0,0,1.0,0.1,0,0,1.0,-0.1,0.48994997826861353,0.08994997826861349,1.0,0.1,0.7897550530903685,0.3897550530903685,1.0,-0.1,0.9798999565372271,0.17989995653722698,1.0,0.1,1.579510106180737,0.779510106180737,1.0,0,0,0,1.0,0,0,0,1.0,0,0,0,1.0,0,0,0,1.0
94,3102,0,0,0,1.0,0,0,0,1.0,0,0,0,1.0,0,0,0,1.0,0,0,0,1.0,0,0,0,1.0,0,0,0,1.0,0,0,0,1.0,0,0,0,1.0,0,0,0,1.0,0,0,0,1.0,-0.2,-0.5,0,1.0,0.2,-0.5,0,1.0,-0.4,-0.4876122872733211,0.012387712726678882,1.0,0.4,-0.9998465210176033,-0.49984652101760324,1.0,-0.6,-0.47522457454664224,0.024775425453357765,1.0,0.6,-1.4996930420352066,-0.9996930420352065,1.0,0,0,0,1.0,0,0,0,1.0,0,0,0,1.0,0,0,0,1.0,0,0,0,1.0,0,0,0,1.0,-0.1,0,0,1.0,0.1,0,0,1.0,-0.1,0.5169902689719479,0.11699026897194789,1.0,0.1,0.7825091854660111,0.38250918546601115,1.0,-0.1,1.0339805379438958,0.23398053794389578,1.0,0.1,1.5650183709320222,0.7650183709320223,1.0,0,0,0,1.0,0,0,0,1.0,0,0,0,1.0,0,0,0,1.0
95,3135,0,0,0,1.0,0,0,0,1.0,0,0,0,1.0,0,0,0,1.0,0,0,0,1.0,0,0,0,1.0,0,0,0,1.0,0,0,0,1.0,0,0,0,1.0,0,0,0,1.0,0,0,0,1.0,-0.2,-0.5,0,1.0,0.2,-0.5,0,1.0,-0.4,-0.5375755602309047,-0.03757556023090465,1.0,0.4,-0.9985860780981892,-0.4985860780981892,1.0,-0.6,-0.5751511204618093,-0.0751511204618093,1.0,0.6,-1.4971721561963784,-0.9971721561963784,1.0,0,0,0,1.0,0,0,0,1.0,0,0,0,1.0,0,0,0,1.0,0,0,0,1.0,0,0,0,1.0,-0.1,0,0,1.0,0.1,0,0,1.0,-0.1,0.5434575413971199,0.14345754139711983,1.0,0.1,0.7733897880450049,0.3733897880450049,1.0,-0.1,1.0869150827942398,0.28691508279423966,1.0,0.1,1.5467795760900098,0.7467795760900098,1.0,0,0,0,1.0,0,0,0,1.0,0,0,0,1.0,0,0,0,1.0
96,3168,0,0,0,1.0,0,0,0,1.0,0,0,0,1.0,0,0,0,1.0,0,0,0,1.0,0,0,0,1.0,0,0,0,1.0,0,0,0,1.0,0,0,0,1.0,0,0,0,1.0,0,0,0,1.0,-0.2,-0.5,0,1.0,0.2,-0.5,0,1.0,-0.4,-0.5871633906114898,-0.08716339061148982,1.0,0.4,-0.9923439278970635,-0.4923439278970635,1.0,-0.6,-0.6743267812229796,-0.17432678122297965,1.0,0.6,-1.484687855794127,-0.984687855794127,1.0,0,0,0,1.0,0,0,0,1.0,0,0,0,1.0,0,0,0,1.0,0,0,0,1.0,0,0,0,1.0,-0.1,0,0,1.0,0.1,0,0,1.0,-0.1,0.5692221588571987,0.16922215885719874,1.0,0.1,0.7624415276312981,0.36244152763129805,1.0,-0.1,1.1384443177143975,0.3384443177143975,1.0,0.1,1.5248830552625963,0.7248830552625961,1.0,0,0,0,1.0,0,0,0,1.0,0,0,0,1.0,0,0,0,1.0
97,3201,0,0,0,1.0,0,0,0,1.0,0,0,0,1.0,0,0,0,1.0,0,0,0,1.0,0,0,0,1.0,0,0,0,1.0,0,0,0,1.0,0,0,0,1.0,0,0,0,1.0,0,0,0,1.0,-0.2,-0.5,0,1.0,0.2,-0.5,0,1.0,-0.4,-0.6358803132054712,-0.13588031320547123,1.0,0.4,-0.9811824399156551,-0.4811824399156551,1.0,-0.6,-0.7717606264109425,-0.27176062641094245,1.0,0.6,-1.4623648798313102,-0.9623648798313102,1.0,0,0,0,1.0,0,0,0,1.0,0,0,0,1.0,0,0,0,1.0,0,0,0,1.0,0,0,0,1.0,-0.1,0,0,1.0,0.1,0,0,1.0,-0.1,0.5941579262689158,0.19415792626891581,1.0,0.1,0.7497180287988514,0.34971802879885144,1.0,-0.1,1.1883158525378317,0.38831585253783163,1.0,0.1,1.4994360575977028,0.6994360575977029,1.0,0,0,0,1.0,0,0,0,1.0,0,0,0,1.0,0,0,0,1.0
98,3234,0,0,0,1.0,0,0,0,1.0,0,0,0,1.0,0,0,0,1.0,0,0,0,1.0,0,0,0,1.0,0,0,0,1.0,0,0,0,1.0,0,0,0,1.0,0,0,0,1.0,0,0,0,1.0,-0.2,-0.5,0,1.0,0.2,-0.5,0,1.0,-0.4,-0.6832395646259641,-0.1832395646259642,1.0,0.4,-0.9652131360523766,-0.46521313605237663,1.0,-0.6,-0.8664791292519284,-0.3664791292519284,1.0,0.6,-1.4304262721047531,-0.9304262721047533,1.0,0,0,0,1.0,0,0,0,1.0,0,0,0,1.0,0,0,0,1.0,0,0,0,1.0,0,0,0,1.0,-0.1,0,0,1.0,0.1,0,0,1.0,-0.1,0.6181427082561208,0.2181427082561208,1.0,0.1,0.7352816112385006,0.3352816112385005,1.0,-0.1,1.2362854165122417,0.4362854165122416,1.0,0.1,1.470563222477001,0.670563222477001,1.0,0,0,0,1.0,0,0,0,1.0,0,0,0,1.0,0,0,0,1.0
99,3267,0,0,0,1.0,0,0,0,1.0,0,0,0,1.0,0,0,0,1.0,0,0,0,1.0,0,0,0,1.0,0,0,0,1.0,0,0,0,1.0,0,0,0,1.0,0,0,0,1.0,0,0,0,1.0,-0.2,-0.5,0,1.0,0.2,-0.5,0,1.0,-0.4,-0.7287679468876607,-0.22876794688766067,1.0,0.4,-0.9445955763126804,-0.44459557631268043,1.0,-0.6,-0.9575358937753213,-0.45753589377532133,1.0,0.6,-1.3891911526253609,-0.8891911526253609,1.0,0,0,0,1.0,0,0,0,1.0,0,0,0,1.0,0,0,0,1.0,0,0,0,1.0,0,0,0,1.0,-0.1,0,0,1.0,0.1,0,0,1.0,-0.1,0.641059027368789,0.24105902736878893,1.0,0.1,0.7192029845161437,0.3192029845161437,1.0,-0.1,1.282118054737578,0.48211805473757785,1.0,0.1,1.4384059690322875,0.6384059690322874,1.0,0,0,0,1.0,0,0,0,1.0,0,0,0,1.0,0,0,0,1.0
