frame_idx,timestamp_ms,bone_name,start_joint,end_joint,confidence,human_delta_deg,applied_angle_deg,target_x,target_y,target_z
10,333.0,Skeleton_arm_joint_L__4_,left_shoulder,left_elbow,0.157,128.2021,128.2021,-0.16638,-0.21629,-0.96205
10,333.0,Skeleton_arm_joint_L__3_,left_elbow,left_wrist,0.157,83.9613,83.9613,-0.04916,0.21052,-0.97635
10,333.0,Skeleton_arm_joint_R,right_shoulder,right_elbow,0.2563,52.6821,52.6821,-0.09672,0.87813,-0.46853
10,333.0,Skeleton_arm_joint_R__2_,right_elbow,right_wrist,0.2563,23.033,23.033,-0.11822,0.74467,-0.65688
10,333.0,leg_joint_L_1,left_hip,left_knee,0.7444,12.9803,12.9803,-0.11748,-0.56785,-0.81471
10,333.0,leg_joint_L_2,left_knee,left_ankle,0.7444,9.598,9.598,0.01975,0.54888,-0.83567
10,333.0,leg_joint_R_1,right_hip,right_knee,0.8372,8.7663,8.7663,0.31786,-0.34455,-0.88332
10,333.0,leg_joint_R_2,right_knee,right_ankle,0.8372,11.2686,11.2686,-0.03926,0.59461,-0.80305
10,333.0,Skeleton_torso_joint_1,__mid_hip__,__mid_sho__,0.9965,7.7547,7.7547,-0.1226,-0.55978,0.81952
15,500.0,Skeleton_arm_joint_L__4_,left_shoulder,left_elbow,0.3392,166.8653,166.8653,-0.69613,-0.68955,-0.19981
15,500.0,Skeleton_arm_joint_L__3_,left_elbow,left_wrist,0.3392,80.9422,80.9422,-0.74528,0.01181,-0.66665
15,500.0,Skeleton_arm_joint_R,right_shoulder,right_elbow,0.4019,81.2985,81.2985,-0.03138,0.54987,-0.83466
15,500.0,Skeleton_arm_joint_R__2_,right_elbow,right_wrist,0.4019,120.7617,120.7617,-0.43397,-0.74435,-0.50755
15,500.0,leg_joint_L_1,left_hip,left_knee,0.7886,25.1406,25.1406,-0.06446,-0.38773,-0.91952
15,500.0,leg_joint_L_2,left_knee,left_ankle,0.7886,17.9741,17.9741,-0.07466,0.42614,-0.90157
15,500.0,leg_joint_R_1,right_hip,right_knee,0.8586,15.1159,15.1159,0.39611,-0.22478,-0.89027
15,500.0,leg_joint_R_2,right_knee,right_ankle,0.8586,19.0512,19.0512,0.03609,0.49677,-0.86713
15,500.0,Skeleton_torso_joint_1,__mid_hip__,__mid_sho__,0.9974,9.2968,9.2968,-0.1462,-0.51817,0.84269
20,666.0,Skeleton_arm_joint_L__4_,left_shoulder,left_elbow,0.2998,102.8558,102.8558,0.66858,-0.5665,-0.48174
20,666.0,Skeleton_arm_joint_L__3_,left_elbow,left_wrist,0.2998,111.0861,111.0861,0.42175,-0.14217,-0.8955
20,666.0,Skeleton_arm_joint_R,right_shoulder,right_elbow,0.6383,26.3294,26.3294,0.37632,0.86286,0.33741
20,666.0,Skeleton_arm_joint_R__2_,right_elbow,right_wrist,0.6383,97.4905,97.4905,0.69359,0.15226,0.70409
20,666.0,leg_joint_L_1,left_hip,left_knee,0.837,35.6104,35.6104,-0.01501,-0.21988,-0.97541
20,666.0,leg_joint_L_2,left_knee,left_ankle,0.837,36.9461,36.9461,-0.29418,0.15716,-0.94274
20,666.0,leg_joint_R_1,right_hip,right_knee,0.9136,29.1625,29.1625,0.52415,0.00158,-0.85162
20,666.0,leg_joint_R_2,right_knee,right_ankle,0.9136,31.1848,31.1848,0.12069,0.31749,-0.94055
20,666.0,Skeleton_torso_joint_1,__mid_hip__,__mid_sho__,0.9978,27.3317,27.3317,0.03052,-0.28473,0.95812
25,833.0,Skeleton_arm_joint_L__4_,left_shoulder,left_elbow,0.5607,6.3082,6.3082,0.51323,0.71374,0.47663
25,833.0,Skeleton_arm_joint_L__3_,left_elbow,left_wrist,0.5607,119.7007,119.7007,0.6186,-0.24117,-0.74777
25,833.0,Skeleton_arm_joint_R,right_shoulder,right_elbow,0.7754,18.4567,18.4567,0.20229,0.946,0.25329
25,833.0,Skeleton_arm_joint_R__2_,right_elbow,right_wrist,0.768,91.6417,91.6417,0.74985,0.23572,0.61819
25,833.0,leg_joint_L_1,left_hip,left_knee,0.8866,39.7527,39.7527,-0.12405,-0.13634,-0.98287
25,833.0,leg_joint_L_2,left_knee,left_ankle,0.8866,73.3364,73.3364,-0.57325,-0.3697,-0.73123
25,833.0,leg_joint_R_1,right_hip,right_knee,0.9424,30.348,30.348,0.44804,0.03705,-0.89324
25,833.0,leg_joint_R_2,right_knee,right_ankle,0.9424,54.5171,54.5171,0.0144,-0.11942,-0.99274
25,833.0,Skeleton_torso_joint_1,__mid_hip__,__mid_sho__,0.9986,48.516,48.516,0.12991,0.07605,0.9886
30,1000.0,Skeleton_arm_joint_L__4_,left_shoulder,left_elbow,0.7104,13.1694,13.1694,0.47583,0.66126,0.57993
30,1000.0,Skeleton_arm_joint_L__3_,left_elbow,left_wrist,0.7104,123.1949,123.1949,0.30445,-0.37923,-0.87378
30,1000.0,Skeleton_arm_joint_R,right_shoulder,right_elbow,0.7711,47.3989,47.3989,0.49086,0.43748,0.75344
30,1000.0,Skeleton_arm_joint_R__2_,right_elbow,right_wrist,0.6627,110.9671,110.9671,0.81423,-0.124,0.56714
30,1000.0,leg_joint_L_1,left_hip,left_knee,0.9152,36.4574,36.4574,-0.18669,-0.19227,-0.96342
30,1000.0,leg_joint_L_2,left_knee,left_ankle,0.9074,91.9005,91.9005,-0.01824,-0.75566,-0.65471
30,1000.0,leg_joint_R_1,right_hip,right_knee,0.9336,43.4174,43.4174,-0.00547,0.14779,-0.989
30,1000.0,leg_joint_R_2,right_knee,right_ankle,0.9336,65.4217,65.4217,-0.16095,-0.31379,-0.93575
30,1000.0,Skeleton_torso_joint_1,__mid_hip__,__mid_sho__,0.9987,70.7066,70.7066,0.06784,0.48487,0.87195
35,1166.0,Skeleton_arm_joint_L__4_,left_shoulder,left_elbow,0.5236,39.3383,39.3383,0.64143,0.17448,0.74708
35,1166.0,Skeleton_arm_joint_L__3_,left_elbow,left_wrist,0.5236,143.4502,143.4502,0.26578,-0.6839,-0.67944
35,1166.0,Skeleton_arm_joint_R,right_shoulder,right_elbow,0.6352,93.9668,93.9668,0.76306,-0.28518,0.58001
35,1166.0,Skeleton_arm_joint_R__2_,right_elbow,right_wrist,0.532,116.3597,116.3597,0.80635,-0.22202,0.54819
35,1166.0,leg_joint_L_1,left_hip,left_knee,0.8381,30.0542,30.0542,-0.08942,-0.30385,-0.94851
35,1166.0,leg_joint_L_2,left_knee,left_ankle,0.8381,97.9721,97.9721,0.2755,-0.79168,-0.5453
35,1166.0,leg_joint_R_1,right_hip,right_knee,0.7837,23.8297,23.8297,0.07786,-0.21591,-0.9733
35,1166.0,leg_joint_R_2,right_knee,right_ankle,0.7837,81.9058,81.9058,0.06593,-0.55963,-0.82612
35,1166.0,Skeleton_torso_joint_1,__mid_hip__,__mid_sho__,0.9932,89.7188,89.7188,-0.06303,0.76755,0.63788
40,1333.0,Skeleton_arm_joint_L__4_,left_shoulder,left_elbow,0.5738,56.2348,56.2348,0.59326,-0.11124,0.79728
40,1333.0,Skeleton_arm_joint_L__3_,left_elbow,left_wrist,0.522,157.375,157.375,0.60123,-0.75434,-0.26363
40,1333.0,Skeleton_arm_joint_R,right_shoulder,right_elbow,0.5727,108.6765,108.6765,0.57797,-0.57583,0.57824
40,1333.0,Skeleton_arm_joint_R__2_,right_elbow,right_wrist,0.4837,109.2947,109.2947,0.59668,-0.03452,0.80174
40,1333.0,leg_joint_L_1,left_hip,left_knee,0.8694,33.5855,33.5855,0.22463,-0.34057,-0.91299
40,1333.0,leg_joint_L_2,left_knee,left_ankle,0.8639,118.3678,118.3678,0.61973,-0.78093,-0.07801
40,1333.0,leg_joint_R_1,right_hip,right_knee,0.7925,12.9021,12.9021,0.32626,-0.27148,-0.90546
40,1333.0,leg_joint_R_2,right_knee,right_ankle,0.7925,93.4558,93.4558,0.42637,-0.62758,-0.65143
40,1333.0,Skeleton_torso_joint_1,__mid_hip__,__mid_sho__,0.9954,103.2995,103.2995,-0.20713,0.89659,0.39145
45,1500.0,Skeleton_arm_joint_L__4_,left_shoulder,left_elbow,0.6661,28.1742,28.1742,0.83203,0.33288,0.44375
45,1500.0,Skeleton_arm_joint_L__3_,left_elbow,left_wrist,0.5971,143.8977,143.8977,0.32602,-0.67164,-0.66529
45,1500.0,Skeleton_arm_joint_R,right_shoulder,right_elbow,0.4897,63.7074,63.7074,0.85882,0.49571,0.12926
45,1500.0,Skeleton_arm_joint_R__2_,right_elbow,right_wrist,0.4897,104.9488,104.9488,0.78364,-0.37442,-0.4957
45,1500.0,leg_joint_L_1,left_hip,left_knee,0.9043,44.7076,44.7076,0.1749,-0.10772,-0.97868
45,1500.0,leg_joint_L_2,left_knee,left_ankle,0.9043,87.5368,87.5368,0.79617,-0.412,-0.44314
45,1500.0,leg_joint_R_1,right_hip,right_knee,0.7738,25.1987,25.1987,0.24262,-0.08149,-0.96669
45,1500.0,leg_joint_R_2,right_knee,right_ankle,0.7738,79.228,79.228,0.66273,-0.29438,-0.68857
45,1500.0,Skeleton_torso_joint_1,__mid_hip__,__mid_sho__,0.9969,86.8525,86.8525,-0.72798,0.58303,0.36073
50,1666.0,Skeleton_arm_joint_L__4_,left_shoulder,left_elbow,0.524,29.7927,29.7927,0.4171,0.90518,-0.08166
50,1666.0,Skeleton_arm_joint_L__3_,left_elbow,left_wrist,0.4672,68.5687,68.5687,0.2839,0.56502,-0.7747
50,1666.0,Skeleton_arm_joint_R,right_shoulder,right_elbow,0.574,48.0669,48.0669,0.42024,0.87729,-0.23187
50,1666.0,Skeleton_arm_joint_R__2_,right_elbow,right_wrist,0.574,74.3671,74.3671,0.88612,0.22061,-0.40758
50,1666.0,leg_joint_L_1,left_hip,left_knee,0.8838,47.4821,47.4821,0.10881,-0.03691,-0.99338
50,1666.0,leg_joint_L_2,left_knee,left_ankle,0.8252,57.1196,57.1196,0.57067,-0.08104,-0.81717
50,1666.0,leg_joint_R_1,right_hip,right_knee,0.8417,28.6123,28.6123,0.19229,-0.03858,-0.98058
50,1666.0,leg_joint_R_2,right_knee,right_ankle,0.8417,55.0527,55.0527,0.39787,-0.01181,-0.91737
50,1666.0,Skeleton_torso_joint_1,__mid_hip__,__mid_sho__,0.9979,40.5225,40.5225,-0.73154,-0.18306,0.65677
55,1833.0,Skeleton_arm_joint_L__4_,left_shoulder,left_elbow,0.5283,64.0968,64.0968,-0.0683,0.88588,-0.45885
55,1833.0,Skeleton_arm_joint_L__3_,left_elbow,left_wrist,0.449,61.0427,61.0427,0.18901,0.65549,-0.73117
55,1833.0,Skeleton_arm_joint_R,right_shoulder,right_elbow,0.5483,55.887,55.887,-0.05826,0.85363,-0.51762
55,1833.0,Skeleton_arm_joint_R__2_,right_elbow,right_wrist,0.4947,43.877,43.877,0.54866,0.61921,-0.56174
55,1833.0,leg_joint_L_1,left_hip,left_knee,0.8833,47.6388,47.6388,-0.1259,0.00104,-0.99204
55,1833.0,leg_joint_L_2,left_knee,left_ankle,0.8723,30.0059,30.0059,0.14683,0.23858,-0.95996
55,1833.0,leg_joint_R_1,right_hip,right_knee,0.8349,33.7576,33.7576,0.02172,-0.03734,-0.99907
55,1833.0,leg_joint_R_2,right_knee,right_ankle,0.8349,36.5124,36.5124,0.0391,0.20132,-0.97874
55,1833.0,Skeleton_torso_joint_1,__mid_hip__,__mid_sho__,0.9976,25.7819,25.7819,-0.12072,-0.25038,0.96059
60,2000.0,Skeleton_arm_joint_L__4_,left_shoulder,left_elbow,0.6092,103.4844,103.4844,-0.60698,0.47748,-0.63529
60,2000.0,Skeleton_arm_joint_L__3_,left_elbow,left_wrist,0.3278,61.4375,61.4375,0.06293,0.61611,-0.78514
60,2000.0,Skeleton_arm_joint_R,right_shoulder,right_elbow,0.4309,60.7634,60.7634,-0.61572,0.67746,-0.40241
60,2000.0,Skeleton_arm_joint_R__2_,right_elbow,right_wrist,0.3157,25.7883,25.7883,0.19705,0.76262,-0.6161
60,2000.0,leg_joint_L_1,left_hip,left_knee,0.9253,54.4233,54.4233,-0.411,0.09316,-0.90686
60,2000.0,leg_joint_L_2,left_knee,left_ankle,0.9196,32.3638,32.3638,-0.24781,0.2246,-0.94242
60,2000.0,leg_joint_R_1,right_hip,right_knee,0.849,51.6075,51.6075,-0.34953,0.02136,-0.93668
60,2000.0,leg_joint_R_2,right_knee,right_ankle,0.849,38.9858,38.9858,-0.44883,0.20319,-0.87021
60,2000.0,Skeleton_torso_joint_1,__mid_hip__,__mid_sho__,0.9975,39.0256,39.0256,0.2831,-0.2223,0.93297
65,2166.0,Skeleton_arm_joint_L__4_,left_shoulder,left_elbow,0.4867,122.4495,122.4495,-0.66996,0.15893,-0.72518
65,2166.0,Skeleton_arm_joint_L__3_,left_elbow,left_wrist,0.2047,50.1539,50.1539,-0.14501,0.71118,-0.6879
65,2166.0,Skeleton_arm_joint_R,right_shoulder,right_elbow,0.5036,84.6803,84.6803,-0.67735,0.34899,-0.64762
65,2166.0,Skeleton_arm_joint_R__2_,right_elbow,right_wrist,0.2174,44.9773,44.9773,-0.74162,0.66818,-0.05942
65,2166.0,leg_joint_L_1,left_hip,left_knee,0.9255,49.13,49.13,-0.5787,-0.06383,-0.81304
65,2166.0,leg_joint_L_2,left_knee,left_ankle,0.9255,35.969,35.969,-0.38481,0.22239,-0.89581
65,2166.0,leg_joint_R_1,right_hip,right_knee,0.8494,59.5613,59.5613,-0.56589,-0.10263,-0.81807
65,2166.0,leg_joint_R_2,right_knee,right_ankle,0.8494,48.3223,48.3223,-0.68696,0.17027,-0.70646
65,2166.0,Skeleton_torso_joint_1,__mid_hip__,__mid_sho__,0.9915,50.4442,50.4442,0.48539,-0.15354,0.86071
70,2333.0,Skeleton_arm_joint_L__4_,left_shoulder,left_elbow,0.3017,119.8346,119.8346,-0.8409,0.22298,-0.49312
70,2333.0,Skeleton_arm_joint_R,right_shoulder,right_elbow,0.462,106.3711,106.3711,-0.79345,-0.09497,-0.60119
70,2333.0,Skeleton_arm_joint_R__2_,right_elbow,right_wrist,0.2116,44.9773,44.9773,-0.74162,0.66818,-0.05942
70,2333.0,leg_joint_L_1,left_hip,left_knee,0.8663,53.2773,53.2773,-0.71634,-0.07353,-0.69386
70,2333.0,leg_joint_L_2,left_knee,left_ankle,0.8663,50.6776,50.6776,-0.62774,0.09609,-0.77247
70,2333.0,leg_joint_R_1,right_hip,right_knee,0.886,61.655,61.655,-0.62703,-0.18744,-0.75611
70,2333.0,leg_joint_R_2,right_knee,right_ankle,0.886,58.8109,58.8109,-0.74462,-0.00192,-0.66749
70,2333.0,Skeleton_torso_joint_1,__mid_hip__,__mid_sho__,0.9933,59.0976,59.0976,0.60336,-0.0769,0.79375
75,2500.0,Skeleton_arm_joint_L__4_,left_shoulder,left_elbow,0.3085,117.6705,117.6705,-0.95091,0.21314,-0.22438
75,2500.0,Skeleton_arm_joint_L__3_,left_elbow,left_wrist,0.1997,50.1539,50.1539,-0.14501,0.71118,-0.6879
75,2500.0,Skeleton_arm_joint_R,right_shoulder,right_elbow,0.644,100.2853,100.2853,-0.73591,0.05744,-0.67463
75,2500.0,Skeleton_arm_joint_R__2_,right_elbow,right_wrist,0.4452,65.5072,65.5072,-0.91972,0.26903,-0.2859
75,2500.0,leg_joint_L_1,left_hip,left_knee,0.8078,60.512,60.512,-0.8384,-0.0474,-0.543
75,2500.0,leg_joint_L_2,left_knee,left_ankle,0.8078,71.8919,71.8919,-0.83538,-0.12403,-0.5355
75,2500.0,leg_joint_R_1,right_hip,right_knee,0.9068,61.2004,61.2004,-0.60111,-0.126,-0.78917
75,2500.0,leg_joint_R_2,right_knee,right_ankle,0.9068,63.2394,63.2394,-0.70525,-0.11821,-0.69903
75,2500.0,Skeleton_torso_joint_1,__mid_hip__,__mid_sho__,0.9925,64.4241,64.4241,0.65983,-0.01635,0.75124
80,2666.0,Skeleton_arm_joint_L__4_,left_shoulder,left_elbow,0.5461,115.5732,115.5732,-0.96643,0.22113,-0.13082
80,2666.0,Skeleton_arm_joint_L__3_,left_elbow,left_wrist,0.4361,61.5199,61.5199,-0.80335,0.31167,-0.50743
80,2666.0,Skeleton_arm_joint_R,right_shoulder,right_elbow,0.6397,85.4543,85.4543,-0.82892,0.25363,-0.49857
80,2666.0,Skeleton_arm_joint_R__2_,right_elbow,right_wrist,0.4957,22.8471,22.8471,-0.45542,0.83172,-0.31756
80,2666.0,leg_joint_L_1,left_hip,left_knee,0.8204,66.749,66.749,-0.9047,-0.01058,-0.42593
80,2666.0,leg_joint_L_2,left_knee,left_ankle,0.8204,89.5979,89.5979,-0.76515,-0.46895,-0.44116
80,2666.0,leg_joint_R_1,right_hip,right_knee,0.8992,63.284,63.284,-0.60917,-0.06121,-0.79068
80,2666.0,leg_joint_R_2,right_knee,right_ankle,0.8992,70.3334,70.3334,-0.7081,-0.24121,-0.66364
80,2666.0,Skeleton_torso_joint_1,__mid_hip__,__mid_sho__,0.9922,73.9281,73.9281,0.7565,0.07639,0.64952
85,2833.0,Skeleton_arm_joint_L__4_,left_shoulder,left_elbow,0.6347,124.533,124.533,-0.99702,0.0294,-0.07126
85,2833.0,Skeleton_arm_joint_L__3_,left_elbow,left_wrist,0.5187,90.9847,90.9847,-0.92216,-0.2738,-0.27323
85,2833.0,Skeleton_arm_joint_R,right_shoulder,right_elbow,0.3947,81.9386,81.9386,-0.94515,0.20077,-0.25763
85,2833.0,Skeleton_arm_joint_R__2_,right_elbow,right_wrist,0.3111,27.4597,27.4597,-0.52411,0.8238,-0.21602
85,2833.0,leg_joint_L_1,left_hip,left_knee,0.8666,55.7849,55.7849,-0.87236,-0.2457,-0.42264
85,2833.0,leg_joint_L_2,left_knee,left_ankle,0.8666,91.6738,91.6738,-0.68068,-0.55804,-0.47461
85,2833.0,leg_joint_R_1,right_hip,right_knee,0.8805,65.1055,65.1055,-0.69385,-0.28925,-0.65947
85,2833.0,leg_joint_R_2,right_knee,right_ankle,0.8805,81.1249,81.1249,-0.73487,-0.39199,-0.55346
85,2833.0,Skeleton_torso_joint_1,__mid_hip__,__mid_sho__,0.9949,83.3935,83.3935,0.81292,0.1948,0.54883
90,3000.0,Skeleton_arm_joint_L__4_,left_shoulder,left_elbow,0.7491,133.4052,133.4052,-0.98316,-0.18275,0.00117
90,3000.0,Skeleton_arm_joint_L__3_,left_elbow,left_wrist,0.5437,145.2055,145.2055,-0.29083,-0.95677,0.00245
90,3000.0,Skeleton_arm_joint_R,right_shoulder,right_elbow,0.2585,77.1669,77.1669,-0.98632,0.16453,0.00985
90,3000.0,Skeleton_arm_joint_R__2_,right_elbow,right_wrist,0.1947,27.4597,27.4597,-0.52411,0.8238,-0.21602
90,3000.0,leg_joint_L_1,left_hip,left_knee,0.9177,47.8601,47.8601,-0.80887,-0.37723,-0.45102
90,3000.0,leg_joint_L_2,left_knee,left_ankle,0.9177,86.9525,86.9525,-0.60432,-0.54826,-0.57811
90,3000.0,leg_joint_R_1,right_hip,right_knee,0.879,70.6631,70.6631,-0.7539,-0.44377,-0.48445
90,3000.0,leg_joint_R_2,right_knee,right_ankle,0.879,92.3326,92.3326,-0.73883,-0.53107,-0.41485
90,3000.0,Skeleton_torso_joint_1,__mid_hip__,__mid_sho__,0.9969,90.1941,90.1941,0.83348,0.28578,0.4729
95,3166.0,Skeleton_arm_joint_L__4_,left_shoulder,left_elbow,0.7049,144.6267,144.6267,-0.91627,-0.40027,-0.01544
95,3166.0,Skeleton_arm_joint_L__3_,left_elbow,left_wrist,0.3512,110.333,110.333,-0.60934,-0.48242,-0.62926
95,3166.0,Skeleton_arm_joint_R,right_shoulder,right_elbow,0.2635,77.3845,77.3845,-0.96138,0.04131,0.27212
95,3166.0,leg_joint_L_1,left_hip,left_knee,0.8976,46.2413,46.2413,-0.79656,-0.4409,-0.41364
95,3166.0,leg_joint_L_2,left_knee,left_ankle,0.8976,82.9882,82.9882,-0.57599,-0.51124,-0.63786
95,3166.0,leg_joint_R_1,right_hip,right_knee,0.622,73.1104,73.1104,-0.72664,-0.60308,-0.32907
95,3166.0,leg_joint_R_2,right_knee,right_ankle,0.622,100.0188,100.0188,-0.66574,-0.65346,-0.36026
95,3166.0,Skeleton_torso_joint_1,__mid_hip__,__mid_sho__,0.9915,91.811,91.811,0.84013,0.30189,0.4506
100,3333.0,Skeleton_arm_joint_L__4_,left_shoulder,left_elbow,0.4906,158.0497,158.0497,-0.75734,-0.64988,-0.06398
100,3333.0,Skeleton_arm_joint_L__3_,left_elbow,left_wrist,0.2762,79.7317,79.7317,-0.8084,0.00487,-0.58862
100,3333.0,Skeleton_arm_joint_R,right_shoulder,right_elbow,0.3041,85.0666,85.0666,-0.86882,-0.18426,0.45957
100,3333.0,leg_joint_L_1,left_hip,left_knee,0.8466,44.0054,44.0054,-0.76371,-0.54617,-0.34416
100,3333.0,leg_joint_L_2,left_knee,left_ankle,0.8466,91.438,91.438,-0.59231,-0.60889,-0.52765
100,3333.0,leg_joint_R_1,right_hip,right_knee,0.5569,72.5244,72.5244,-0.65164,-0.71955,-0.24003
100,3333.0,leg_joint_R_2,right_knee,right_ankle,0.5569,104.5732,104.5732,-0.58501,-0.73438,-0.34417
100,3333.0,Skeleton_torso_joint_1,__mid_hip__,__mid_sho__,0.9903,94.0392,94.0392,0.8128,0.37091,0.44921
105,3500.0,Skeleton_arm_joint_L__4_,left_shoulder,left_elbow,0.3491,160.7611,160.7611,-0.64292,-0.76378,-0.05742
105,3500.0,Skeleton_arm_joint_L__3_,left_elbow,left_wrist,0.1972,79.7317,79.7317,-0.8084,0.00487,-0.58862
105,3500.0,Skeleton_arm_joint_R,right_shoulder,right_elbow,0.4868,107.8221,107.8221,-0.54321,-0.63395,0.55048
105,3500.0,Skeleton_arm_joint_R__2_,right_elbow,right_wrist,0.2942,27.4597,27.4597,-0.52411,0.8238,-0.21602
105,3500.0,leg_joint_L_1,left_hip,left_knee,0.577,43.9352,43.9352,-0.74909,-0.59219,-0.29694
105,3500.0,leg_joint_L_2,left_knee,left_ankle,0.577,103.9832,103.9832,-0.53228,-0.76009,-0.37275
105,3500.0,leg_joint_R_1,right_hip,right_knee,0.5779,68.2922,68.2922,-0.56226,-0.78955,-0.2459
105,3500.0,leg_joint_R_2,right_knee,right_ankle,0.5779,108.5174,108.5174,-0.5093,-0.79696,-0.32477
105,3500.0,Skeleton_torso_joint_1,__mid_hip__,__mid_sho__,0.9918,100.369,100.369,0.71349,0.5539,0.4291
110,3666.0,Skeleton_arm_joint_L__4_,left_shoulder,left_elbow,0.3326,148.1816,148.1816,-0.38889,-0.9151,0.10661
110,3666.0,Skeleton_arm_joint_L__3_,left_elbow,left_wrist,0.1735,79.7317,79.7317,-0.8084,0.00487,-0.58862
110,3666.0,Skeleton_arm_joint_R,right_shoulder,right_elbow,0.4519,114.004,114.004,-0.60367,-0.68444,0.4088
110,3666.0,Skeleton_arm_joint_R__2_,right_elbow,right_wrist,0.271,31.3955,31.3955,-0.30182,0.93678,0.17706
110,3666.0,leg_joint_L_1,left_hip,left_knee,0.5539,44.9773,44.9773,-0.73719,-0.6341,-0.23339
110,3666.0,leg_joint_L_2,left_knee,left_ankle,0.5539,110.3858,110.3858,-0.48271,-0.82667,-0.28916
110,3666.0,leg_joint_R_1,right_hip,right_knee,0.5363,67.1832,67.1832,-0.53759,-0.80605,-0.24756
110,3666.0,leg_joint_R_2,right_knee,right_ankle,0.5363,111.5159,111.5159,-0.49091,-0.82379,-0.28353
110,3666.0,Skeleton_torso_joint_1,__mid_hip__,__mid_sho__,0.9935,104.2791,104.2791,0.60361,0.68036,0.41565
115,3833.0,Skeleton_arm_joint_L__4_,left_shoulder,left_elbow,0.3532,131.2146,131.2146,-0.04714,-0.97487,0.21774
115,3833.0,Skeleton_arm_joint_L__3_,left_elbow,left_wrist,0.1928,79.7317,79.7317,-0.8084,0.00487,-0.58862
115,3833.0,Skeleton_arm_joint_R,right_shoulder,right_elbow,0.4243,125.2672,125.2672,-0.38662,-0.84151,0.37734
115,3833.0,Skeleton_arm_joint_R__2_,right_elbow,right_wrist,0.221,31.3955,31.3955,-0.30182,0.93678,0.17706
115,3833.0,leg_joint_L_1,left_hip,left_knee,0.4521,45.5455,45.5455,-0.71855,-0.67011,-0.18609
115,3833.0,leg_joint_L_2,left_knee,left_ankle,0.4521,117.6928,117.6928,-0.37479,-0.90459,-0.20308
115,3833.0,leg_joint_R_1,right_hip,right_knee,0.4272,66.8026,66.8026,-0.5323,-0.80834,-0.25147
115,3833.0,leg_joint_R_2,right_knee,right_ankle,0.4272,117.3603,117.3603,-0.45313,-0.86874,-0.19991
115,3833.0,Skeleton_torso_joint_1,__mid_hip__,__mid_sho__,0.9951,106.6839,106.6839,0.4753,0.77913,0.4087
120,4000.0,Skeleton_arm_joint_L__4_,left_shoulder,left_elbow,0.3532,131.2146,131.2146,-0.04714,-0.97487,0.21774
120,4000.0,Skeleton_arm_joint_L__3_,left_elbow,left_wrist,0.1928,79.7317,79.7317,-0.8084,0.00487,-0.58862
120,4000.0,Skeleton_arm_joint_R,right_shoulder,right_elbow,0.4243,125.2672,125.2672,-0.38662,-0.84151,0.37734
120,4000.0,Skeleton_arm_joint_R__2_,right_elbow,right_wrist,0.221,31.3955,31.3955,-0.30182,0.93678,0.17706
120,4000.0,leg_joint_L_1,left_hip,left_knee,0.4521,45.5455,45.5455,-0.71855,-0.67011,-0.18609
120,4000.0,leg_joint_L_2,left_knee,left_ankle,0.4521,117.6928,117.6928,-0.37479,-0.90459,-0.20308
120,4000.0,leg_joint_R_1,right_hip,right_knee,0.4272,66.8026,66.8026,-0.5323,-0.80834,-0.25147
120,4000.0,leg_joint_R_2,right_knee,right_ankle,0.4272,117.3603,117.3603,-0.45313,-0.86874,-0.19991
120,4000.0,Skeleton_torso_joint_1,__mid_hip__,__mid_sho__,0.9951,106.6839,106.6839,0.4753,0.77913,0.4087
125,4166.0,Skeleton_arm_joint_L__4_,left_shoulder,left_elbow,0.3532,131.2146,131.2146,-0.04714,-0.97487,0.21774
125,4166.0,Skeleton_arm_joint_L__3_,left_elbow,left_wrist,0.1928,79.7317,79.7317,-0.8084,0.00487,-0.58862
125,4166.0,Skeleton_arm_joint_R,right_shoulder,right_elbow,0.4243,125.2672,125.2672,-0.38662,-0.84151,0.37734
125,4166.0,Skeleton_arm_joint_R__2_,right_elbow,right_wrist,0.221,31.3955,31.3955,-0.30182,0.93678,0.17706
125,4166.0,leg_joint_L_1,left_hip,left_knee,0.4521,45.5455,45.5455,-0.71855,-0.67011,-0.18609
125,4166.0,leg_joint_L_2,left_knee,left_ankle,0.4521,117.6928,117.6928,-0.37479,-0.90459,-0.20308
125,4166.0,leg_joint_R_1,right_hip,right_knee,0.4272,66.8026,66.8026,-0.5323,-0.80834,-0.25147
125,4166.0,leg_joint_R_2,right_knee,right_ankle,0.4272,117.3603,117.3603,-0.45313,-0.86874,-0.19991
125,4166.0,Skeleton_torso_joint_1,__mid_hip__,__mid_sho__,0.9951,106.6839,106.6839,0.4753,0.77913,0.4087
130,4333.0,Skeleton_arm_joint_L__4_,left_shoulder,left_elbow,0.3532,131.2146,131.2146,-0.04714,-0.97487,0.21774
130,4333.0,Skeleton_arm_joint_L__3_,left_elbow,left_wrist,0.1928,79.7317,79.7317,-0.8084,0.00487,-0.58862
130,4333.0,Skeleton_arm_joint_R,right_shoulder,right_elbow,0.4243,125.2672,125.2672,-0.38662,-0.84151,0.37734
130,4333.0,Skeleton_arm_joint_R__2_,right_elbow,right_wrist,0.221,31.3955,31.3955,-0.30182,0.93678,0.17706
130,4333.0,leg_joint_L_1,left_hip,left_knee,0.4521,45.5455,45.5455,-0.71855,-0.67011,-0.18609
130,4333.0,leg_joint_L_2,left_knee,left_ankle,0.4521,117.6928,117.6928,-0.37479,-0.90459,-0.20308
130,4333.0,leg_joint_R_1,right_hip,right_knee,0.4272,66.8026,66.8026,-0.5323,-0.80834,-0.25147
130,4333.0,leg_joint_R_2,right_knee,right_ankle,0.4272,117.3603,117.3603,-0.45313,-0.86874,-0.19991
130,4333.0,Skeleton_torso_joint_1,__mid_hip__,__mid_sho__,0.9951,106.6839,106.6839,0.4753,0.77913,0.4087
135,4500.0,Skeleton_arm_joint_L__4_,left_shoulder,left_elbow,0.3669,115.0971,115.0971,0.22624,-0.9191,0.32259
135,4500.0,Skeleton_arm_joint_L__3_,left_elbow,left_wrist,0.2102,79.7317,79.7317,-0.8084,0.00487,-0.58862
135,4500.0,Skeleton_arm_joint_R,right_shoulder,right_elbow,0.4362,123.0949,123.0949,0.01885,-0.84678,0.53161
135,4500.0,Skeleton_arm_joint_R__2_,right_elbow,right_wrist,0.2485,31.3955,31.3955,-0.30182,0.93678,0.17706
135,4500.0,leg_joint_L_1,left_hip,left_knee,0.5072,38.8633,38.8633,-0.60586,-0.7652,-0.21774
135,4500.0,leg_joint_L_2,left_knee,left_ankle,0.5072,118.6138,118.6138,-0.22981,-0.94717,-0.22374
135,4500.0,leg_joint_R_1,right_hip,right_knee,0.444,66.1695,66.1695,-0.4885,-0.84324,-0.22429
135,4500.0,leg_joint_R_2,right_knee,right_ankle,0.444,126.8625,126.8625,-0.02911,-0.98403,-0.17558
135,4500.0,Skeleton_torso_joint_1,__mid_hip__,__mid_sho__,0.9959,112.6551,112.6551,0.30031,0.89614,0.32673
140,4666.0,Skeleton_arm_joint_L__4_,left_shoulder,left_elbow,0.3811,111.4824,111.4824,0.27901,-0.8945,0.34933
140,4666.0,Skeleton_arm_joint_L__3_,left_elbow,left_wrist,0.2803,79.7317,79.7317,-0.8084,0.00487,-0.58862
140,4666.0,Skeleton_arm_joint_R,right_shoulder,right_elbow,0.4928,115.6269,115.6269,0.23203,-0.74712,0.62288
140,4666.0,Skeleton_arm_joint_R__2_,right_elbow,right_wrist,0.361,31.3955,31.3955,-0.30182,0.93678,0.17706
140,4666.0,leg_joint_L_1,left_hip,left_knee,0.6809,25.9741,25.9741,-0.41354,-0.84193,-0.3466
140,4666.0,leg_joint_L_2,left_knee,left_ankle,0.6809,123.1075,123.1075,0.12758,-0.97846,-0.16228
140,4666.0,leg_joint_R_1,right_hip,right_knee,0.6082,46.6158,46.6158,-0.30982,-0.79226,-0.52568
140,4666.0,leg_joint_R_2,right_knee,right_ankle,0.5556,139.5298,139.5298,0.00767,-0.99911,0.04154
140,4666.0,Skeleton_torso_joint_1,__mid_hip__,__mid_sho__,0.9967,118.5474,118.5474,0.18465,0.95748,0.22168
145,4833.0,Skeleton_arm_joint_L__4_,left_shoulder,left_elbow,0.6163,111.5567,111.5567,0.31546,-0.89959,0.30204
145,4833.0,Skeleton_arm_joint_L__3_,left_elbow,left_wrist,0.557,120.3933,120.3933,-0.50176,-0.61881,-0.60442
145,4833.0,Skeleton_arm_joint_R,right_shoulder,right_elbow,0.4089,110.9733,110.9733,0.48188,-0.63613,0.6026
145,4833.0,Skeleton_arm_joint_R__2_,right_elbow,right_wrist,0.3308,31.3955,31.3955,-0.30182,0.93678,0.17706
145,4833.0,leg_joint_L_1,left_hip,left_knee,0.7775,15.0536,15.0536,-0.02082,-0.8831,-0.46872
145,4833.0,leg_joint_L_2,left_knee,left_ankle,0.7528,126.3759,126.3759,0.35558,-0.93291,-0.05703
145,4833.0,leg_joint_R_1,right_hip,right_knee,0.7431,31.9279,31.9279,-0.18183,-0.5829,-0.79194
145,4833.0,leg_joint_R_2,right_knee,right_ankle,0.6921,133.2299,133.2299,0.36803,-0.92876,-0.04418
145,4833.0,Skeleton_torso_joint_1,__mid_hip__,__mid_sho__,0.9979,121.1213,121.1213,0.01448,0.9889,0.14791
150,5000.0,Skeleton_arm_joint_L__4_,left_shoulder,left_elbow,0.7667,98.8229,98.8229,0.53389,-0.78359,0.31773
150,5000.0,Skeleton_arm_joint_L__3_,left_elbow,left_wrist,0.6951,126.007,126.007,-0.33955,-0.64514,-0.68447
150,5000.0,Skeleton_arm_joint_R,right_shoulder,right_elbow,0.4414,105.1586,105.1586,0.69529,-0.48138,0.53371
150,5000.0,Skeleton_arm_joint_R__2_,right_elbow,right_wrist,0.4182,31.3955,31.3955,-0.30182,0.93678,0.17706
150,5000.0,leg_joint_L_1,left_hip,left_knee,0.857,45.8357,45.8357,0.62884,-0.62577,-0.46149
150,5000.0,leg_joint_L_2,left_knee,left_ankle,0.8491,118.8042,118.8042,0.74592,-0.66494,0.03809
150,5000.0,leg_joint_R_1,right_hip,right_knee,0.7806,22.0935,22.0935,-0.01878,-0.54046,-0.84116
150,5000.0,leg_joint_R_2,right_knee,right_ankle,0.7466,129.7238,129.7238,0.55269,-0.83272,-0.03328
150,5000.0,Skeleton_torso_joint_1,__mid_hip__,__mid_sho__,0.9986,114.5911,114.5911,-0.22106,0.95676,0.18905
155,5166.0,Skeleton_arm_joint_L__4_,left_shoulder,left_elbow,0.8499,77.8599,77.8599,0.83628,-0.4864,0.25308
155,5166.0,Skeleton_arm_joint_L__3_,left_elbow,left_wrist,0.7878,116.6715,116.6715,-0.36549,-0.49443,-0.78864
155,5166.0,Skeleton_arm_joint_R,right_shoulder,right_elbow,0.4699,112.6503,112.6503,0.83778,-0.48034,0.25962
155,5166.0,Skeleton_arm_joint_R__2_,right_elbow,right_wrist,0.415,98.2482,98.2482,0.68219,0.14188,0.71728
155,5166.0,leg_joint_L_1,left_hip,left_knee,0.9137,70.4853,70.4853,0.87189,-0.17577,-0.45708
155,5166.0,leg_joint_L_2,left_knee,left_ankle,0.9099,101.0698,101.0698,0.94596,-0.32183,-0.03986
155,5166.0,leg_joint_R_1,right_hip,right_knee,0.8246,13.6391,13.6391,0.18718,-0.34781,-0.91869
155,5166.0,leg_joint_R_2,right_knee,right_ankle,0.8042,123.8843,123.8843,0.69751,-0.71507,-0.04639
155,5166.0,Skeleton_torso_joint_1,__mid_hip__,__mid_sho__,0.999,108.1858,108.1858,-0.54171,0.83032,0.13081
160,5333.0,Skeleton_arm_joint_L__4_,left_shoulder,left_elbow,0.8475,69.3417,69.3417,0.96689,-0.25493,-0.01196
160,5333.0,Skeleton_arm_joint_L__3_,left_elbow,left_wrist,0.8427,94.6554,94.6554,-0.65027,-0.20233,-0.73227
160,5333.0,Skeleton_arm_joint_R,right_shoulder,right_elbow,0.307,100.2736,100.2736,0.95306,-0.21956,0.2085
160,5333.0,Skeleton_arm_joint_R__2_,right_elbow,right_wrist,0.307,98.2482,98.2482,0.68219,0.14188,0.71728
160,5333.0,leg_joint_L_1,left_hip,left_knee,0.9471,74.2188,74.2188,0.82835,0.00815,-0.56016
160,5333.0,leg_joint_L_2,left_knee,left_ankle,0.9459,93.9296,93.9296,0.94541,-0.27896,-0.16845
160,5333.0,leg_joint_R_1,right_hip,right_knee,0.7838,16.5647,16.5647,0.31576,-0.21151,-0.92496
160,5333.0,leg_joint_R_2,right_knee,right_ankle,0.7838,128.3903,128.3903,0.69381,-0.7188,0.04426
160,5333.0,Skeleton_torso_joint_1,__mid_hip__,__mid_sho__,0.9989,106.5697,106.5697,-0.69528,0.71817,0.0286
